vendor_no,city,location_code,postcode,search_name
K00002,Mittenwalde,A-01,15749,ALPHA/ LTE
K00006,München,A-01,80807,STEFAN MAIER GMBH
K00010,Breitenbach,A-01,CH-4226,VON ROLL ISOLA TROISDORF
K00011,Berlin,A-01,12357,SCHERDEL /FLAUGER & FLÄMIG
K00013,Karlsruhe,A-01,76189,ITK
K00016,Berlin,A-01,13437,HÖTTGES
K00018,Berlin,A-01,12359,GERMANIA
K00021,Berlin,A-01,13581,TRESKE
K00022,Berlin,A-01,10587,ROHDE & SCHWARZ
K00025,Berlin,A-01,12059,FAPACK
K00026,Kleinmachnow,A-01,14532,ATLAS COPCO
K00029,Schwalbach,A-01,65824,HOPF VERTRIEBSGESELLSCHAFT
K00030,Blomberg,A-01,32825,PHOENIX
K00031,Schwabach,A-01,91126,RIBE RICHARD BERGNER
K00033,Berlin,A-01,12277,BEZET-WERK GMBH
K00035,Berlin,A-01,10369,FESTO AG
K00038,Iserlohn,A-01,58642,NOBITSCHEK
K00039,Lichtenstein,A-01,72805,BAUMANN
K00040,Berlin,B-01,14199,GEYER
K00041,Hamburg,A-01,20253,BEIERSDORF
K00043,Wildau,A-01,15745,STOROPACK SCHULZE
K00044,Traunreut,A-01,83301,HEIDENHAIN
K00045,Lyss,A-01,CH-250,FEINTOOL
K00046,Malente,A-01,23714,KENDRION KUHNKE
K00050,Lörrach,A-01,79540,NSI
K00051,Mainz-Kastel,A-01,55252,NETTER GMBH
K00052,Ilsenburg,A-01,38871,ELSOLD/ JL GOSLAR
K00054,Chemnitz,A-01,09116,DMG CHEMNITZ
K00055,Hamburg,A-01,21107,MANKIEWICZ
K00059,Schkeuditz,A-01,04435,MÜLLER
K00060,Hassmersheim/Baden,A-01,74855,FIBRO
K00070,Neuss 1,A-01,41460,3 M DEUTSC
K00072,Essen,A-01,45145,MAGNEQUENCH
K00073,Nauen,A-01,14633,TREBES
K00074,Berlin,A-01,10969,GEISLER
K00085,Berlin,A-01,12359,INHA
K00086,Berlin,B-01,12099,BRAMMER/FREUDENBERG
K00087,Wertheim,A-01,97877,ERSA
K00092,Berlin,A-01,12099,WITTE
K00110,Norderstedt,A-01,22844,SAINT GOBAIN DIAMANT
K00111,Wesseling,A-01,50389,SAINT GOBAIN ABRASIVES
K00115,Freienbach,A-01,CH-8807,METEOR AG
K00130,Reichshof - Eckenhagen,A-01,51574,ELEKTRISOLA
K00131,Iserlohn,A-01,58584,"EDELHOFF, ADOLF"
K00139,Volkmarsen,A-01,34471,ZEVATRON
K00140,Leonberg,A-01,71229,DORFNER/CARBO GROUP LEONBERG
K00141,Berlin,A-01,13355,GRÜNBERG
K00147,Völklingen,A-01,66333,SAAR-BANDSTAHL
K00158,Berlin,A-01,13407,KAISER+KRAFT
K00163,Eurasburg,A-01,86495,STARMOTEC
K00166,Hirschau,A-01,92240,CONRAD ELECTRONIC
K00168,Heroldsberg,A-01,90562,WALTER SCHÖN
K00169,Puschendorf,B-01,90617,BRANDER & SÖHNE KG
K00192,Berlin,A-01,12103,TÜV CERT BLN
K00194,Rellingen,A-01,25462,NILFISK
K00202,Scheer,B-01,72516,SPÄH
K00203,Nürnberg,A-01,90408,JOSEPH MÜLLER
K00204,Berlin,B-01,12161,IRON GMBH
K00206,Sunder/Amecke,A-01,59846,KAISER+WALTERMANN
K00207,Berlin,A-01,10829,ROSKODEN
K00208,Potsdam,A-01,14482,IBL
K00209,Berlin,A-01,12101,LOTHAR WEHRLE
K00210,Herborn,A-01,35726,RITTAL
K00222,Berlin,A-01,10589,CITY CLEAN
K00224,Berlin,A-01,13581,DORDEL DEUTSCHE AUFZUGSTECHNIK
K00240,Mannheim,A-01,68275,MIKI PLASTIK
K00244,Pfullingen,A-01,72793,KNÖRZER
K00246,Berlin,A-01,10787,OTIS GMBH & CO OHG
K00250,Berlin 31,A-01,10709,BIRKLE &
K00253,Idar-Oberstein,A-01,55743,LOCH
K00254,Berlin,A-01,14167,SCHEMPP+DECKER
K00255,Eching,A-01,84174,MEKU/ WANDERER
K00258,Korntal-Münchingen,A-01,70825,TAMPOPRINT
K00259,Welden,A-01,86463,FRITSCH
K00260,Salach,A-01,73084,OTRA
K00262,Berlin,A-01,12103,MEUMANN
K00263,Teltow,A-01,14513,DH
K00264,Esslingen,B-01,73701,BÄDER
K00267,Dietingen,A-01,78661,OHNMACHT G
K00268,Salzweg,A-01,94121,ELECTROVAC HACHT & HUBER GMBH
K00269,Berlin,A-01,12103,SPK
K00270,Peiting-Herzogsägmühle,A-01,86971,HERZOGSÄGMÜHLER WERKSTÄTTEN
K00272,Tiefenbronn,A-01,75233,PRÄZISA(ALT:BISCHOFF&SCHNEIDER
K00273,Neu-Isenburg,A-01,63263,ARROW
K00276,Bünde,A-01,32257,BOPLA
K00278,Trebbin,B-01,14959,ÖL- & FILTER VERTRIEBS GMBH
K00282,Haan,A-01,42781,DONALDSON/ ULTRAFILTER/
K00285,Pfaffenhofen,A-01,85276,MATSUSHITA
K00286,Metzingen,A-01,72541,GUTEKUNST FEDER
K00287,Pfalzgrafenweiler,A-01,72285,GUTEKUNST STAHL
K00289,Karlsfeld,A-01,85757,PLETTNER
K00293,Wildeshausen,A-01,27779,GRASHORN
K00295,Berlin,B-01,10713,ALBIS PLASTIC
K00296,Berlin,A-01,12247,IBH HAMMER GMBH
K00302,Göppingen,A-01,73037,SAXONIA-FR
K00304,Berlin,A-01,13357,DITTEL
K00306,Seelbach,A-01,77960,JULABO
K00307,Villingen-Schwenningen,A-01,78050,WIELAND
K00308,Markgröningen,A-01,71706,NORELEM NO
K00310,Berlin,A-01,13409,FRIPA PAPIERFABRIK
K00312,Langenfeld,A-01,40764,ALPHA METALS
K00313,Wirges,A-01,56422,CHEMET GMBH
K00314,Garbsen,A-01,30827,LPKF LASER & ELECTRONICS AG
K00321,Schmölln,A-01,04626,HASCO
K00323,Braunschweig,A-01,38112,KROSCHKE
K00325,Putzbrunn,A-01,85640,MEGATRON K
K00328,Berlin,A-01,12681,LEPKOJUS ALBA
K00331,Waldkirch,A-01,79183,SFERAX
K00332,Pforzheim,A-01,75181,CREDE
K00334,Velten,A-01,16727,PK ELEKTRONIK
K00336,Gernsbach,A-01,76593,BURSTER GM
K00337,Berlin,A-01,12159,WAIT
K00341,Ludwigshafen,A-01,67065,PHYSIODERM
K00355,Betzdorf/Sieg,A-01,57518,SSI SCHÄFER SHOP
K00358,Wipperfürth,A-01,51668,NAWROT
K00368,Nordheim,A-01,74226,GEBRÜDER EBERHARD
K00370,Böblingen,A-01,71034,AGILENT
K00371,Leipzig,A-01,04416,SPOERLE LEIPZIG/ARROW
K00374,Berlin,A-01,14059,BÖHNE
K00376,Ettlingen,A-01,76275,SOMMER
K00382,Berlin,A-01,10829,MOSER GMBH
K00385,Oehringen,A-01,74613,HKT  HOHENLOHER
K00388,Berlin,A-01,13407,ALBA
K00392,Berlin,A-01,12357,CARL STAHL GMBH VELTEN
K00394,Stapelfeld - Braak,A-01,22145,MÄDLER HAMBURG
K00401,Weissach,A-01,71287,TAMPOFLEX
K00405,Schöneiche,B-01,15566,HELLBUT
K00407,Esslingen,A-01,73734,FUCHS
K00408,Berlin,A-01,12055,NIELSEN
K00409,Ludwigsburg,A-01,71636,P/A GMBH
K00410,Berlin,A-01,13403,INITIAL
K00417,Unterschleißheim,A-01,85716,KELLER & K
K00418,Bad Staffelstein,A-01,96231,RÖSLER
K00419,Celle,A-01,29223,HOSTMANN-STEINBERG
K00421,Altena-Dahle,B-01,58754,MÖHLING GMBH & CO. KG
K00423,Puchheim b. München,A-01,82178,MEILHAUS E
K00424,Neunkirchen,A-01,57290,SCHÄFER
K00430,Vöhringen,A-01,72189,CHEMIE-TECH
K00436,Erkrath,A-01,40699,NORDSON EFD /GLT DEUTSCHLAND
K00437,Heidelberg,A-01,69126,REICHELT CHEMIETECHNIK
K00444,Berlin,A-01,13597,RICHTER
K00476,Tiefenbronn,A-01,75233,PKT
K00480,Blankenfelde,A-01,15827,TBN - ABSAUGTECHNIK GMBH
K00491,Groß-Kienitz,A-01,15831,PROFILEX
K00497,Engen,A-01,78234,FIXTEST
K00498,Syke,A-01,28857,BALKHAUSEN BRADY
K00502,Berlin,A-01,10559,BRAUER
K00503,Berlin,A-01,12277,OTB
K00507,Berlin 20,A-01,13597,IKEA BERLIN
K00512,Oberkochen,A-01,73447,RÖCHLING
K00514,Aschheim,A-01,85609,FARNELL
K00532,Gräfelfing,A-01,82166,HADERSBERGER
K00535,Offenbach,A-01,63069,VDE
K00537,Olpe / B,A-01,57462,KEMPER METALLWERK
K00538,Remscheid-Lüttringhausen,A-01,42899,WEHA-PLAST
K00555,Hamburg,A-01,22587,ATLANTEX ANFAHRSCHUTZ GMBH
K00559,Bensheim,A-01,64625,LEICA
K00560,Kissing,A-01,86426,WEKA MEDIA GMBH & CO. KG
K00584,Trutnov,A-01,CZ-54183,TYCO TRUTNOV
K00588,Rottendorf,A-01,97228,FRANKONIA
K00592,Düsseldorf,A-01,40008,BÜRKLIN OHG DÜSSELDORF
K00596,Zehdenick,A-01,16792,DIEHL ADVANCED MOBILITY GMBH
K00608,Essen,A-01,45128,IFM
K00615,Berlin,A-01,10559,KUNZ INDUSTRIE-
K00620,Teltow,A-01,14513,WSD PERMANENT SECURITY GMBH
K00621,Pozuelo de Alarcón (Madrid),A-01,ES-28224,DODUCO
K00623,Berlin,B-01,12347,BRENNTAG
K00626,München,A-01,80807,AMAZON
K00627,Teltow,A-01,14513,AUTOHAUS AM BAHNHOF TELTOW GMB
K00633,Teltow,A-01,14513,TELTOWER DIAKONIE TDW
K00634,Nauen OT Wachow,A-01,14641,LTG
K00636,Kleinmachnow,A-01,14532,HEGENBART
K00638,München,A-01,80339,NATIONAL
K00644,Braunschweig,A-01,38132,PERSCHMANN HOFFMANN GROUP
K00650,Stahnsdorf,A-01,14532,FÜLLNER
K00653,Saarbrücken,A-01,66140,ANTERIST & SCHNEIDER
K00654,Rudolstadt,B-01,07407,RATIOFORM VERPACKUNGEN GMBH
K00659,Berlin,A-01,13156,VEMATEC GMBH
K00663,Berlin,A-01,12349,WELZER
K00664,Teltow,A-01,14513,SOLAR GMBH
K00665,Schorndorf,B-01,73614,GF MACHINING (EHEM. AGIE)
K00667,Stuttgart,A-01,70499,OVIVO / UT+S
K00669,Bielefeld,A-01,33739,BOGE
K00681,Berlin,A-01,12459,PROSOL GMBH
K00684,Berlin,A-01,13509,HEYDRICH
K00687,Schwaigern,B-01,74193,SÖHNER
K00691,Berlin,A-01,13441,DUBLOSAN
K00692,Münsingen,A-01,72525,HPM TECHNOLOGIE /PFEIFFER
K00694,Heppenheim,A-01,64646,KLN
K00695,Aalen,A-01,73431,FRANKE
K00697,Kirchheim/T.,A-01,73219,DUNKES
K00705,Leipzig,A-01,04315,BCD/BIESTERFELD CHEMIE
K00708,Berlin,A-01,12163,VOIGTLÄNDER BÜROMASCHINEN
K00710,Freising,A-01,85356,KÖSTLERATK
K00714,Stuttgart,A-01,70563,STAPLES DEUTSCHLAND STUTTGART
K00715,Hamburg,A-01,22771,PHILIPS COMPONENTS
K00720,Salzuflen,A-01,32108,LICEFA
K00721,Berlin,A-01,12681,RECALL/BÖHM INDUPA
K00722,Velen,A-01,46342,TEKA
K00724,Dahlewitz,A-01,15827,HILDEBRANDT & BARTSCH
K00731,Berlin,A-01,12057,BORCHARDT
K00732,Berlin,A-01,12277,GUK
K00733,Sarstedt,A-01,31157,REKER
K00736,Berlin,A-01,12105,IBS MAGNET
K00739,Berlin,A-01,14050,KELSKI
K00740,Velten,A-01,16727,WÜRFEL KUNSTSTOFFTECHNIK GMBH
K00742,Berlin,A-01,12681,IPH
K00744,Berlin,A-01,10365,BRONST
K00745,Berlin,A-01,13509,SATTELMACHER
K00750,Berlin - Altglienicke,A-01,12524,LÖWE
K00752,Neuhausen/Enzkreis,A-01,75242,BORNBAUM
K00754,Strausberg,A-01,15344,PRO EMV
K00755,Mahlow,A-01,15831,TRESCAL (LIVINGSTON)
K00758,Nürnberg,A-01,90016,DHL NÜRNBERG
K00762,Köln,A-01,50656,GEZ
K00773,Berlin,A-01,12459,BETECH GUMMI- UND
K00774,Paretz,A-01,14669,SUTTER
K00780,Stuttgart,B-01,70469,ERNST MÜLLER
K00784,WASBEK,A-01,24647,KNUTH
K00785,Mönchengladbach,A-01,41199,HEBRO
K00796,Ludwigsfelde,A-01,14974,REINKE MECHANISCHE WERKSTATT
K00800,Kloster Lehnin  OT Prützke,A-01,14797,REMONDIS REGION OST
K00805,Bonn,A-01,53171,T-MOBIL
K00806,Kitzingen,A-01,97318,ROTHE
K00810,Baden-Baden,A-01,76532,"DME NORMALIEN, MILACRON"
K00811,Friedrichsdorf,A-01,61361,COLORTRONI
K00822,Nürnberg,A-01,90475,WITTMANN BATTENFELD
K00825,Furtwangen,A-01,78120,GANTER
K00831,Ludwigsfelde,A-01,14974,KRAUSS
K00833,Berlin,A-01,12435,EROTEC
K00834,Wilhelmsdorf,A-01,91489,MANFRED JACOB
K00836,Stahnsdorf,A-01,14532,KRAUSE METALLBAU
K00839,Alfdorf,A-01,73553,KALEJA
K00850,Kleinmachnow,A-01,14532,KEINERT
K00851,Aldingen,A-01,78554,SPRENGER
K00853,Stahnsdorf,A-01,14532,ROSEMANN & SOHN GBR
K00857,Böblingen,A-01,71034,HEWLETT-PACKARD
K00858,Isernhagen,A-01,30907,SITRON
K00864,Steinheim,A-01,71711,HAUBER & GRAF
K00870,Leingarten,A-01,74211,GESSMANN KNIPPING
K00872,Sinsheim,A-01,74889,WELLPAPPENWERK BRUCHSAL
K00874,Windach,A-01,86949,DELO
K00877,Egelsbach,A-01,63329,SMC EGELSBACH
K00883,Berlin,A-01,10553,IME
K00885,Müncheberg,A-01,15374,EROCONTUR
K00898,Kempten,A-01,87437,LEBERT
K00901,Dresden,A-01,01067,KNÜPPEL
K00902,Berlin,A-01,13435,SCHRAUBEN SCHOLZ
K00903,Bad Belzig,A-01,14806,PM LANDKREIS POTSD.
K00905,Neu - Isenburg,A-01,63263,KEYENCE
K00906,Neuss,A-01,41469,MITUTOYO
K00908,Giessen,A-01,35394,WERTH
K00910,Eningen,A-01,72800,ADELHELM LUBRICOAT GMBH
K00914,Gräfelfing,A-01,82166,HÖNLE
K00917,Erzhausen,A-01,64390,TOPCART
K00921,Goslar,A-01,68640,JL GOSLAR
K00922,Stuttgart-Zuffenhausen,A-01,70435,VON WIRTH
K00927,Lauffen / Neckar,A-01,74348,SCHUNK
K00928,Berlin,A-01,12099,MINIMAX
K00935,Renningen,A-01,71272,WELO
K00937,Berlin,A-01,12357,DALLMAYR
K00938,Potsdam,A-01,14469,TÜV INDUSTRIE POTSDAM
K00939,Lambrecht,A-01,67466,JOLA
K00943,Tione di Trento,A-01,IT-38079,MARCHESI
K00946,Berlin,A-01,12487,FRIEBAU FRIE-BAU
K00951,Düsseldorf,A-01,40549,THREE BOND
K00952,Berlin,A-01,13599,PISCHKE / PRO BLECH
K00958,Berlin,A-01,13581,DMG BERLIN
K00962,Teltow,A-01,14513,AUTOCENTRUM TELTOW
K00965,Berlin,A-01,12489,CSE
K00967,Karben,A-01,61184,SHC
K00979,Solingen,A-01,42699,ITEM INDUSTRIETECHNIK
K00980,Straubenhardt,A-01,75334,TBH
K00984,Ilmenau,A-01,98693,TETRA
K00986,Hamburg,A-01,20354,LEHMANN
K00989,Puchheim,A-01,82178,STEMMER
K01000,Potsdam,A-01,14482,PCH TECHNISCHER HANDEL GMBH
K01006,Berlin,A-01,10623,TU BERLIN
K01019,Erkner,A-01,15537,RELI
K01020,Schwelm,A-01,58315,SCHMIDT-GEVELSBERG GMBH
K01026,Neumünster,A-01,24539,HERBERT VOIGT
K01029,Frankfurt,A-01,60486,AMEX
K01031,Landsham/Pliening,A-01,85652,EPOXONIC GMBH
K01033,Pullach,A-01,82049,SCHAHL
K01036,Werder (Havel),A-01,14542,LJU
K01039,Wansdorf,A-01,14641,INGO PAPPEN UND PAPIER
K01045,Berlin,A-01,10827,FEST ELEKTRONIK
K01047,Reutlingen,A-01,72766,BETZ
K01051,Teltow,A-01,14513,WISAG TELTOW
K01054,Falkensee,A-01,14612,STUCK
K01056,Köln,A-01,50668,ARMCO
K01064,Oranienburg,A-01,16515,GLEITSCHLIFF
K01069,Reutlingen,A-01,72774,SFG
K01072,Berlin,A-01,13125,LEUENDORFF
K01077,Wuppertal,A-01,42279,DELTA V GMBH
K01078,Padova,A-01,IT-35127,PRIMA ZANETTI S.R.L.
K01081,Stuttgart,A-01,70327,KENT STUTTGART GMBH
K01087,Berlin,A-01,13127,GARLEFF
K01095,Schnaitterbach,A-01,92250,BUSCH
K01097,Berlin,A-01,10407,AUCOTEAM
K01107,Murrhardt,B-01,71540,BOSCH REXROTH MURRHARDT
K01109,Villingen-Schwenningen,A-01,78024,STEINEL
K01110,Schramberg,A-01,78713,TRUMPF LASER / HAAS LASER
K01115,Karlstein,A-01,63791,DÜPERTHAL
K01116,Schneverdingen,A-01,29640,ULLRICH
K01121,Castelleone / Cremona,A-01,IT-26011,MARSILLI
K01125,Berlin,A-01,12169,SEIDEL
K01126,Kleinmachnow,A-01,14532,NH BERLIN / POTSDAM
K01130,Redwitz,A-01,96257,METALOR/ DEUTSCHLAND
K01134,Kalefeld,A-01,37589,BOSCH KALEFELD POWER TOOLS
K01143,Krefeld,A-01,47705,CANON
K01144,Kelsterbach,A-01,65451,FEDEX FEDERAL EXPRESS
K01153,Bielefeld,A-01,33670,WAHL
K01166,Teltow,A-01,14513,BLANKENBURG
K01168,Konstanz,A-01,78464,CHRISTIANI
K01173,Taunusstein,A-01,65232,PÜTZ
K01174,Velten,A-01,16727,DFV
K01176,Bueckeburg,A-01,31675,SE SPEZIAL-ELECTRONIC AG
K01181,Halver,A-01,58542,FEBROTEC
K01194,Wetzikon,A-01,CH-8623,KABA
K01195,Speyer,A-01,67343,TYCO SPEYER
K01198,Usingen,A-01,61250,HAUFE
K01200,Limburg,A-01,65555,VIDEOJET
K01203,München,A-01,81825,MAXON MOTOR
K01224,Wustermark,B-01,14641,TRAFÖ
K01233,Berlin,A-01,12681,SIECOM COMPUTERSYSTEME &
K01238,Luckenwalde,A-01,14943,"GRIEßBACH,  GRIESSBACH"
K01239,Nettetal,A-01,41334,FRANS MAAS DEUTSCHLAND GMBH
K01254,Leobersdorf,A-01,AT-2544,NEUMAYER
K01255,Poing,B-01,85586,EBV POING
K01257,Waldshut-Tiengen,A-01,79761,STOLL
K01259,Göppingen,A-01,73037,MIKSCH
K01263,Berlin,A-01,12489,HERBST KÄLTETECHNIK
K01268,Stahnsdorf,A-01,14532,M&S MASCHI
K01270,Berlin,A-01,12103,STIEBEL
K01273,Goslar,A-01,38644,PDV
K01274,Straubenhardt-Feldrennach,A-01,75334,VESTER
K01276,Köln,A-01,50739,FLUKE KÖLN
K01277,Fulda,A-01,36039,JUMO
K01280,Dornstetten,A-01,72280,ITW MORLOCK
K01282,Berlin,B-01,12099,NOVAPAX
K01287,Lustenau,A-01,AT-6890,BAYER
K01291,Berlin,A-01,13355,FRAUNHOFER IZM
K01293,Potsdam,A-01,14467,ADECCO
K01295,Tettnang,A-01,88069,WENGLOR
K01296,Niefern,A-01,75223,PRETEMA
K01297,Kriftel,A-01,65830,BASAN
K01301,Aschheim,A-01,85609,YAMAICHI
K01303,Köln,A-01,51147,UPS KÖLN
K01307,Dorsten,A-01,46282,BLINDENWER
K01312,Teltow,A-01,14513,PENTAHOTEL COURTYARD
K01313,Berlin,A-01,10787,DACH
K01319,Königslutter,A-01,38154,ELMTEC
K01324,Ochsenhausen,A-01,88416,PACKTECH
K01326,Berlin,A-01,12247,IAHV ROLAND LIEBSKE
K01338,Berlin,A-01,14163,KAISER & BROCKMANN GMBH
K01340,Stahnsdorf,A-01,14532,MÄRKISCHER PARTY SERVICE
K01342,Grimma,A-01,04668,B+N TORTECHNIK
K01346,Berlin,A-01,12459,DUNKEL WERKZEUGBAU
K01349,Berlin,A-01,12487,WERNER SCHOLZ
K01351,Strausberg,A-01,15344,MLP
K01353,Höfen / Enz,A-01,75339,SCHNEEBERGER GMBH
K01359,Flensburg,A-01,24944,KRAFTFAHRT-BUNDESAMT
K01361,Berlin,A-01,14167,HANSEN
K01364,Schalksmühle,A-01,58579,LUMBERG CONNECT GMBH
K01366,Kalletal,A-01,32689,GROCHE
K01368,Bochum,A-01,44807,AIR PRODUCTS GMBH
K01373,Lüdenscheid,A-01,58513,PERSONA SERVICE
K01374,Bielefeld,A-01,33506,BERTELSMANN
K01375,Augsburg,A-01,86131,WELTBILD
K01378,Puchheim b. München,A-01,82178,ZETTLER MÜNCHEN
K01382,Berlin,A-01,10625,WAZB ARZT WERKARZT
K01386,Berlin,A-01,12101,STEMPEL FREIBERG BERLIN
K01388,Ettlingen,A-01,76260,RAJAPACK
K01391,Villingen-Schwenningen,A-01,78057,WALDMANN
K01392,Mittweida,A-01,09648,SAV MITTWEIDA
K01394,Mannheim,A-01,68219,REMAG
K01397,Mainz-Kastel,A-01,55252,DOMINO
K01398,Großostheim,A-01,63757,VIKING
K01399,Berlin,A-01,13509,MÄRKISCHE ETIKETTEN
K01400,Pförring,A-01,85104,POLLIN
K01401,Berlin,A-01,13509,TRANSPAK
K01402,Berlin,A-01,13599,NEUDORF
K01406,Wäschenbeuren,A-01,73116,PROCESS-INFORMATIK GMBH
K01408,Berlin,A-01,10589,SEGOR-ELECTRONICS
K01409,Fürth,A-01,90765,SIEMENS ELEKTRO
K01410,Pleiskirchen,A-01,84568,CADSOFT
K01411,München,A-01,81739,SIEMENS MÜ
K01425,Berlin,A-01,13629,GB502 BLN
K01453,Hanau,A-01,63450,VAC VACUUMSCHMELZE
K01454,Berlin,A-01,12357,ALTVATER / SULO / AWA/VEOLIA
K01604,Stahnsdorf,A-01,14532,GEBÄUDEREINIGUNG BREITLING E.K
K01607,Berlin,A-01,12487,WESSOLOWSKI MALEREI
K01615,Berlin,A-01,12489,LEGLER OBJEKT UND KONZEPT GMBH
K01619,Berlin,A-01,12487,GJH GETRÄNKEHANDEL
K01621,Großbeeren,A-01,14979,MISCEA GMBH
K02004,Plan-les Outes,A-01,CH-1228,G-SERVICE S.A.
K02014,Berlin,A-01,12829,SMC BERLIN
K02015,Langenfeld,A-01,40764,ACE
K02016,Henningsdorf b. Berlin,A-01,16761,POHL
K02018,Berlin,A-01,10117,DIS
K02020,Konstanz,A-01,78467,INGUN
K02021,Berlin,A-01,12277,KLATT
K02028,Frankfurt,A-01,60327,RS COMPONENTS
K02033,Eschborn/Ts.,A-01,65731,MANAGEMENT CIRCLE
K02036,Stuttgart,A-01,70435,PANALPINA WELTTRANSPORT GMBH
K02037,Berlin,A-01,13629,TYCO BERLIN
K02041,Stuttgart,A-01,70442,BOSCH REXROTH AG
K02049,Berlin,A-01,12277,NEUENDORF
K02052,Berlin,A-01,12203,WILLY NEUMANN E. K.
K02055,Leipzig,A-01,04356,BOSCH REXROTH AG
K02060,Neufahrn,A-01,85374,OFFICE DISCOUNT
K02062,Hamburg,A-01,22771,OTTO OFFICE
K02064,Darmstadt,A-01,64293,HOTTINGER BALDWIN HBM
K02068,Wurzen,A-01,04808,FILZFABRIK WURZEN
K02074,Alpen,A-01,46519,NORGREN
K02082,Herrenberg,A-01,71083,FEINMETALL
K02092,Duisburg,A-01,47051,BÄR
K02097,Fridingen,A-01,78567,HEINZ STEGMEIER HS HEIZELEMENT
K02103,Berlin,B-01,13509,HWL
K02105,Stahnsdorf,A-01,14532,FEMO
K02111,Velten,A-01,16727,JUNGHEINRICH VERTRIEB
K02113,München,A-01,80009,GWI
K02119,Hamburg,A-01,22457,FORTEC
K02120,Hagen,A-01,58082,WESTFALIA
K02122,München,A-01,81379,KLÜBER
K02125,Weiden,A-01,92631,PHILA
K02130,Oberhaching,A-01,82041,BÜRKLIN OHG MÜNCHEN
K02141,Berlin,A-01,13509,ENGLERT
K02147,Poing,A-01,85586,AVNET EMG GMBH
K02148,Berlin,A-01,12165,AVNET TIME/ BETRONIK
K02149,Berlin,A-01,13629,SASCO BERLIN/ARROW
K02152,Bremen,A-01,28359,DISTRELEC
K02161,Berlin,A-01,13407,HAKO
K02167,Düsseldorf,A-01,40549,SICK VERTRIEBS-GMBH
K02169,Berlin,A-01,12103,GEMMEL
K02173,Fridingen,A-01,78567,HEINZ STEGMEIER HS HEIZELEM.
K02177,Potsdam,A-01,14471,RKW BRANDENBURG
K02194,Lenzkirch,A-01,79853,TESTO
K02197,Berlin,A-01,12277,GKFORMBLECH
K02215,Berlin,A-01,10559,SANIMED/MEDKA/HENRY SCHEIN
K02230,Darmstadt,A-01,64293,TYCO DARMSTADT TE CONNECTIVITY
K02238,Berlin,A-01,12489,LEBIT
K02243,Pforzheim,A-01,75181,DODUCO
K02245,Stahnsdorf,A-01,14532,ANDREAS MAUERSBERGER
K02269,Ludwigsburg,A-01,71636,HAHN&KOLB HAHN+KOLB
K02281,Schweinfurt,A-01,97421,SKF
K02318,Göttingen,A-01,37008,MAHR
K02332,Sande,A-01,26452,REICHELT ELEKTRONIK
K02334,Huttwil,A-01,CH-4950,AFAG
K02340,Kühlsheim-Steinbach,A-01,97900,OßWALD
K02344,Egelsbach,A-01,63329,"BRADY GMBH, SETON DIVISION"
K02350,Potsdam,A-01,14467,REISEBÜRO OLYMPIA
K02351,Neunkirchen,A-01,57276,LEOPOLD SCHÄFER
K02352,München,A-01,81739,SIEMENS EDELMETALL CSCM
K02353,Teltow,A-01,14505,STADTVERWALTUNG TELTOW
K02354,Berlin,A-01,10587,STRATO AG
K02355,Rüdersdorf,A-01,15562,DHL RÜDERSDORF/BÖRNICKE
K02356,Teltow,A-01,14513,ELEKTROCOM
K02357,Köln,A-01,51072,EMONS KÖLN
K02358,Potsdam,A-01,14482,ESTO
K02366,Teltow,A-01,14513,TTT /  ERNST WISSER
K02368,Hamburg,A-01,20004,WER LIEFERT WAS
K02376,Werneuchen,A-01,16356,SCHARNAU
K02377,Neckarsulm,A-01,74148,BÖRSIG
K02380,Berlin,A-01,10117,KIETZMANN
K02384,Teltow,A-01,14513,POWERTRON GMBH
K02385,Potsdam,A-01,14478,HAVEL ALLTREU STEUER-
K02386,Teltow,A-01,14513,ALLROUND REINIGUNGSSERVICE
K02387,Berlin,A-01,10707,DORN
K02388,Frankfurt (Oder),A-01,15229,"RG   TELEKOM, T-SYSTEMS"
K02389,Berlin,A-01,13629,REFA VERBAND FÜR ARBEITS-
K02390,Potsdam,A-01,14437,FINANZAMT POTSDAM
K02391,Berlin,A-01,12351,VW E. WINTER JOHANNISTHALER
K02393,Darmstadt,A-01,64276,REFA DARMSTADT
K02394,Sinsheim,A-01,74889,HEIN INDUSTRIESCHILDER GMBH
K02396,Berlin,A-01,12207,BANDELIN ELECTRONIC
K02399,Stralsund,A-01,18437,TA TRIUMPH-ADLER
K02400,Potsdam,A-01,14478,CLEANTEX
K02401,Gersthofen,A-01,86358,MAIR SPEDITION & LOGISTIK GMBH
K02404,Neuenstein,A-01,36286,GLS GENERAL LOGISTICS
K02405,Oostkamp,A-01,BE-8020,TYCO OOSTKAMP
K02407,Eslarn,A-01,92693,BAS KUNSTSTOFFVERARBEITUNG
K02409,Altrip,A-01,67122,MUCAMBO
K02410,Berlin,A-01,14167,UBITEC
K02413,Hamburg,A-01,21109,RÄDER VOGEL GMBH & CO. KG
K02416,Teltow,A-01,14513,PRAKTIKER BAUMARKT
K02417,Potsdam,A-01,14480,GERMAN/GPS/GRAFIK.DRUCK.SATZ
K02421,Dresden,A-01,01109,LEYBOLD VAKUUM GMBH
K02425,Nürnberg,A-01,90429,SUSE
K02427,Schönefeld,A-01,12529,DACHSER SCHÖNEFELD
K02431,Aarbergen,A-01,65326,BETA LAYOUT GMBH
K02432,Wuppertal,A-01,42327,STOCKO-CONTACT
K02435,Groß-Bieberau,A-01,64398,HACH GROß-BIEBERAU
K02436,Schramberg,A-01,78713,CURS/SYNFLEX
K02437,Offenbach,A-01,63019,BODO MÖLLER
K02438,Nettetal,A-01,41334,POLYDRAACK
K02439,Neustadt,A-01,01844,MWQ GMBH LABOR TRESCAL
K02440,Berlin,A-01,10553,GRAUEL
K02446,Ahrensfelde,A-01,16356,IGEFA
K02447,Wiernsheim,A-01,75446,MAISCH SPEDITION+ LOGISTIK
K02448,Stahnsdorf,A-01,14532,GETRÄNKE KRUSCHKE GBR
K02449,Prien,A-01,83209,GEORG SUMMERER
K02450,Mahlow,A-01,15831,LANDFLEISCHEREI BENDIG GMBH
K02451,Brandenburg,A-01,14770,LANDESJUSTIZKASSE BRANDENBG
K02452,Potsdam,A-01,14467,INTERTEMP
K02456,Köln,A-01,50968,LEYBOLD GMBH
K02458,Kevelaer,A-01,47626,UWS UMWELTMANAGEMENT GMBH
K02459,Berlin,A-01,10587,AXA COLONIA VERSICHERUNG AG
K02463,Lahr,A-01,77933,SCHNEIDER ELECTRIC/ BERGERLAHR
K02464,Berlin,A-01,12349,L. SCHULTE & CO. GMBH
K02466,Potsdam,A-01,14467,AMTSGERICHT POTSDAM
K02467,Bamberg,A-01,96055,WIRTSCHAFTSWOCHE
K02469,Kleinmachnow,A-01,14532,NATURA FACHBUCHHANDEL
K02470,Berlin,A-01,14165,VHV VERSICHERUNG
K02474,Großpostwitz,A-01,02692,FTM MIUNSKE
K02476,Ludwigsfelde,A-01,14974,HARALD MÜLLER METALL
K02477,Berlin,A-01,12249,NORBERT ZACK
K02478,Teltow,A-01,14513,MÖBEL- & KÜCHENHAUS TELTOW
K02480,Teltow,A-01,14513,REISEDIENST SCHMIDT
K02482,Blankenfelde-Mahlow,A-01,15831,"MEWA GMBH,  NEU: K04853"
K02486,Berlin,A-01,12103,TÜV PRODUKT S. BLN MAGIRUSSTR.
K02491,Ludwigshafen,A-01,67071,"TAMPOMARK GMBH, GRULMS"
K02495,Berlin,A-01,10117,JOBS IN TIME BERLIN GMBH
K02500,Berlin,A-01,12099,STADTBOTE GMBH
K02502,Ragow,A-01,15749,HERRN MATTHIAS KROEKER
K02505,Kornwestheim,A-01,70806,UNTERKOFLER FILTERTECHNIK GMBH
K02510,Berlin,A-01,13581,CONTAG
K02514,München,A-01,80636,FRAUNHOFER-GESELLSCHAFT ZV
K02517,Lohne,A-01,49393,PÖPPELMANN GMBH & CO. KG
K02524,Berlin,A-01,12305,KAELTRO ENERGIEANLAGEN GMBH
K02530,Chicago U.S.A.,A-01,US-60675-5330,UL UNDERWRITERS LABORATORIES
K02531,Teltow,A-01,14513,REICHELT SICHERHEITSTECHNIK
K02533,Berlin,A-01,12681,HMP
K02534,Teltow,A-01,14513,UNGER
K02539,Bonn,A-01,53095,VNR VERLAG FÜR DIE
K02541,Berlin,A-01,12277,EBV BERLIN
K02549,Pforzheim,B-01,75179,HEIMERLE + MEULE
K02550,Teltow,A-01,14513,SARTORIUS AG
K02552,Göttingen,A-01,37079,SARTORIUS L. I. GMBH & CO. KG
K02553,Berlin,A-01,12357,PURSCHKE + HENSEL GMBH
K02556,EG Arnhem,A-01,NL-6802,UNDERWRITERS LABORATORIES INC.
K02557,Rheine,A-01,48407,KTR KUPPLUNGSTECHNIK GMBH
K02559,Köln,A-01,50441,DHL EXPRESS GERMANY GMBH
K02560,Teltow,A-01,14513,CITY-PRESS
K02561,Haar,A-01,85540,UNIMATE
K02562,Berlin,A-01,10559,ALTMETALLE WASDRACK
K02563,Berlin,A-01,14193,EDLER INDUSTRIEVERTRETUNGEN
K02565,Berlin,A-01,10435,MOEDEL
K02567,Berlin,A-01,10553,SASCO SEMICONDUCTOR/ARROW
K02568,Dortmund,A-01,44309,MURTFELDT KUNSTSTOFFE
K02569,Stahnsdorf,A-01,14532,FISCHER LUFT UND UMWELT-
K02570,Amberg,A-01,92224,"SYSKOMP GMBH, EMICO"
K02572,Berlin,A-01,12435,ALLIANZ LEBENSVERSICHERUNG AG
K02573,Putzbrunn,A-01,85640,SASCO/PUTZBRUNN
K02575,Berlin,A-01,12681,AHC BERLIN
K02576,Krefeld,A-01,47803,FINCK
K02577,Bornheim,A-01,55237,BARTSCH
K02578,Teltow,A-01,14513,AVT AUSBILDUNGSVERBUND
K02586,Hamburg,A-01,22365,ALSTERTALER SCHRAUBEN
K02587,Nürnberg,A-01,90443,SUSE GMBH
K02589,VS-Schwenningen,A-01,78056,DEUTSCHE PAKET DIENST
K02590,Wedel,A-01,22877,SCHNEIDER GMBH & CO KG
K02591,Berlin,A-01,10439,AMMERAAL BELTECH GMBH
K02592,Aschaffenburg,A-01,63739,RECOM METALLGESELLSCHAFT MBH
K02593,Geesthacht,A-01,21502,AMMERAAL RG
K02594,Stahnsdorf,A-01,14532,CONTAINERDIENST SCHULZ GMBH
K02596,Berlin,A-01,10965,ZOLLZAHLSTELLE BERLIN SÜD
K02597,Luckenwalde,A-01,14943,HESCO
K02598,Potsdam,A-01,14473,ZUKUNFTS AGENTUR BRANDENBURG
K02599,Falkensee,A-01,14612,INJA
K02600,Dresden,A-01,01237,SAM PRODUCTION  GMBH
K02601,Neuss,A-01,41456,UPS NEUSS
K02602,Berlin,A-01,13597,LMB LÖTHER MASCHINENTRANSPORT
K02603,Pfreimd,A-01,92536,WILDEN
K02604,Kreuztal,A-01,57213,EOS WIRTSCHAFTS-VERLAG AG
K02605,Teltow,A-01,14513,STUSCHE
K02606,Zhejiang (China),A-01,CN-311201,"X-MAG, INC."
K02607,Berlin,A-01,14167,GÜTTLER
K02608,Nürnberg,A-01,90431,SCHMID
K02609,Berlin,A-01,12107,ZETTLER ELECTRONICS GMBH
K02610,Teltow,A-01,14513,LMB DIETER LESZINSKI
K02611,Berlin,A-01,10178,ITALIENISCHE HANDELSKAMMER FÜR
K02612,Berlin,A-01,14165,DIE ALTERNATIVE
K02613,Düsseldorf,A-01,40002,VDI-WISSENSFORUM GMBH
K02615,Ludwigsfelde,A-01,14974,HAUPTZOLLAMT POTSDAM
K02616,Waldbröl,A-01,51536,PRO FUTURA GMBH
K02617,Berlin,A-01,10553,SPOERLE/ ARROW BERLIN
K02619,Dresden,A-01,01237,HEINE RESISTORS GMBH
K02620,Mettmann,A-01,40810,DV DEUTSCHE VERTRIEBSBERATUNG
K02621,Karlsruhe,A-01,76110,"DT. POST,  ZOLL KARLSRUHE"
K02624,Essen,A-01,45128,BUREAU VERITAS
K02625,München,A-01,80809,FIDICON CONSULT AG
K02626,Berlin,A-01,10711,FIDICON CONSULT GMBH
K02627,Bad Belzig,A-01,14806,DER LANDRAT
K02628,Niemegk,A-01,14823,APM ABFALLWIRTSCHAFT
K02629,Sancoins,A-01,FR-18600,RONIS SAS
K02630,Dubendorf,A-01,CH-8600,COLLINI-FLUHMANN AG
K02631,Keltern-Niebelsbach,A-01,75210,PROFILTECH GMBH
K02633,AS Almere,A-01,NL-1322,TEVEMA AMSTERDAM B.V.
K02635,Bad Marienberg,A-01,56470,RÜBSAMEN
K02636,Zaisenhausen,A-01,75059,PRINZ
K02637,Oudenaarde,A-01,BE-9700,PEDEO
K02638,Kleinmachnow,A-01,14532,KNUT KRÜGER
K02639,Kleinmachnow,A-01,14532,NH HOTEL
K02640,Meulebeke,A-01,BE-8760,VITALO/M-INDUSTRIES
K02641,Brandenburg,A-01,14772,WIBBERENZ
K02642,Berlin,A-01,13629,EPROXX/ SIEMENS BUILDING
K02643,Bariano BG,A-01,IT-24050,ERBORISTERIA FORLANI
K02644,Rielasingen,A-01,78239,IM-TRANSPORTE S. MICHELS
K02645,Birkenheide,A-01,67134,RUSCHIN GMBH
K02646,Berlin,A-01,13349,PACKHÄUSER
K02647,Ratingen,A-01,40880,SARTORIUS NACHF. GMBH & CO
K02648,Oberursel,A-01,61440,QMC
K02649,Hamburg,A-01,22525,WERNER WIRTH
K02650,Chemnitz,B-01,09126,BANDSTAHL SCHLAG
K02651,Idar-Oberstein,B-01,55743,ERIK TÜRKIS - RENOUF METALLE
K02652,Milano,A-01,IT-20142,FITRE
K02654,Kuchen,A-01,73327,MENZEL
K02657,Berlin,A-01,12099,DREUSICKE
K02659,Hamburg,A-01,22335,NIPPON EXPRESS
K02665,Mainz,A-01,55124,ANALOG MICROELECTRONICS GMBH
K02666,Berlin,A-01,12116,MERTENS
K02669,Sint-Baafs-Vijve,A-01,BE-8710,LEFEVERE-BEEL N.V.
K02671,Wächtersbach / Hessen,A-01,63607,KREMER GMBH
K02672,Sulz-Renfrizhausen,A-01,72172,DREHER
K02675,Wendelstein,A-01,90530,IBE ZINN-U. LÖTPRODUKTE E.K.
K02678,Augsburg,A-01,86199,VON ROLL
K02679,Kleinmachnow,A-01,14532,KLIEM
K02682,Tielt,A-01,BE-8700,INJEXTRU
K02683,Harelbeke,A-01,BE-8530,ALLBOX
K02684,Beelitz,A-01,14547,UNI BAU UNVERRICHT
K02686,Neukirchen-Vluyn,A-01,47506,HSR GMBH
K02688,Hemer,A-01,58675,SCHLEICH GMBH
K02690,Bedburg,A-01,50181,TECUM
K02693,Potsdam,A-01,14482,BLINDENHILFSWERK
K02697,"Ashington, West Sussex",A-01,GB-RH20 3DJ,"TN UNITED KINGDOM, LTD."
K02699,Berlin,A-01,12487,AHLBERG M/ BANHOLZER
K02701,Berlin,A-01,10787,GLOBALNORM
K02703,Teufenthal,A-01,CH-5723,INJECTA DRUCKGUSS AG
K02707,Bad Oeynhausen,A-01,32549,DENIOS AG
K02709,Wuppertal,A-01,42327,STOKVIS TAPES
K02710,Berlin (Britz),A-01,12359,SKS SPEZIAL-KABEL-S
K02711,Freiburg,A-01,79112,KNF NEUBERGER
K02712,Düsseldorf,A-01,40530,SICK AG
K02713,Hattingen,A-01,45527,HANS SCHÖN
K02714,Hamburg,A-01,21033,BLOHM
K02716,Viersen,A-01,41748,EDEN SPRINGS
K02718,Seddiner See,A-01,14554,DÜVIER
K02719,München-Allach,A-01,80999,HASCH GMBH
K02721,Berlin,A-01,10997,RESCHKE
K02722,Potsdam,A-01,14469,GAMNITZER
K02723,Biebergemünd,B-01,63599,ENGELBERT STRAUSS GMBH & CO.KG
K02725,Mannheim,B-01,68199,ISODRAHT GMBH
K02726,Heidelberg,A-01,69039,SCHMITTHELM
K02727,Deizisau,B-01,73779,HALA
K02728,Egesheim,B-01,78592,DREHER
K02729,Schrobenhausen,B-01,86529,DAMERIUS
K02731,Cleebronn,A-01,74389,BEUTTNER
K02732,Niefern-Oeschelbronn,A-01,75233,HERDER
K02733,Oberkirch,B-01,77697,PWO
K02734,Pforzheim,B-01,75172,G.RAU
K02735,Reutlingen,A-01,72764,SIDEO/ VOGT
K02736,Herscheid,A-01,58846,TECKENTRUP
K02737,Geldern,A-01,47608,VULKANFIBER-FABRIK
K02738,Plettenberg,A-01,58840,LUMBERG
K02739,Unterensingen,B-01,72669,ST STANZTECHNIK
K02740,Hagen,B-01,58091,GEVAG
K02743,Eltville,A-01,65337,OTTO
K02746,Wildberg,A-01,72218,WÖHRLE
K02747,Pfullingen,A-01,72793,PRETTL GMBH
K02748,Nürnberg,A-01,90427,SSF - VERBINDUNGSTEILE GMBH
K02749,Hamburg,A-01,21079,REHAU
K02750,Mengen,B-01,88512,SCHLÖSSER GMBH & CO. KG
K02751,Pforzheim,B-01,75177,CONTTEK/ STEUDLE
K02752,Wackersdorf,A-01,92442,ISOVOLTA GATEX
K02753,Plettenberg,A-01,58840,WINKEMANN
K02754,Bramsche,A-01,49552,LACROIX
K02756,Gütersloh,B-01,33262,WOLTERS
K02757,Schwabach,B-01,91102,BREMA
K02759,Moheda,A-01,SE-34036,FINNVEDEN POWERTRAIN AB
K02761,Lüdenscheid,A-01,58513,SCHRIEVER
K02762,Lenzkirch,B-01,79853,MESA
K02763,Leimen,A-01,69169,HOMACO
K02764,Oberkirch,A-01,77704,ERNST UMFORMTECHNIK
K02765,Ispringen,B-01,75110,NESPER
K02766,Monte Marenzo,A-01,IT-23804,FOMMA
K02767,Hanau,A-01,63456,BENN
K02768,Nürnberg,A-01,90441,THYSSEN
K02769,Schwabach,B-01,91126,W+L DEUTSCHE TECHNOPLAST
K02770,Neustadt,A-01,96456,DIETZ GMBH
K02771,Herzogenaurach,B-01,91074,FRÖHLICH
K02773,Iserlohn,B-01,58642,ITW FASTENER/SHAKEPROOF
K02774,Aalen,B-01,73434,TELENOT ELECTRONIC GMBH
K02775,Memmingen,B-01,87700,PFEIFER
K02778,Hagen,B-01,58089,PLOCK
K02779,Eckental-Brand,A-01,90542,SFS KERLING GMBH
K02780,Pforzheim - Huchenfeld,B-01,75181,SCHULZ STANZ- U.UMFORMTECHNIK
K02781,Wuppertal,A-01,42220,WITTE
K02782,Compiegne Cedex,A-01,FR-60200,ESSEX / NEXANS
K02783,Haiterbach,A-01,72221,MAYER KARTONAGEN
K02785,Filderstadt,A-01,70794,HERMA
K02786,Donauwörth,A-01,86609,DS SMITH PACKAGING EX SCA
K02789,Holzgerlingen,A-01,71088,STRAPEX
K02791,Friesenheim,A-01,77948,FS ETIKETTEN GMBH
K02793,Ehningen,B-01,71139,CCL DESIGN |WÖLCO
K02795,Hanau,A-01,63450,HERAEUS HANAU
K02796,Potsdam,A-01,14478,UV BRANDENBURG-BERLIN E.V.
K02800,Wuppertal,A-01,42283,STANNOL
K02801,Lübeck,A-01,23556,GUMMIFABRIK LUBECA
K02804,Nürnberg,B-01,90441,BOSCH NÜRNBERG GASOLINE
K02806,Klingenthal,A-01,08248,S+S S&S ELECTRONIC GMBH
K02807,Großmaischeid,A-01,56276,KULLIK
K02808,Berlin,A-01,10711,PISCHEL
K02809,Lauf a. d. Pegnitz,A-01,91207,BATAL PRÄZISIONSWELLEN GMBH
K02811,Genk,A-01,BE-3600,GL TECHNICS/ EVOLUTION IN MACH
K02815,Stahnsdorf,A-01,14532,HSR GMBH STAHNSDORF
K02816,Velbert,A-01,42551,G+M SYSTEMTECHNIK
K02817,Coburg,A-01,96450,GAUDLITZ GMBH
K02818,Markdorf,A-01,88677,HÖHNLE
K02819,Oberdorf,A-01,CH-4436,M. SCHNEIDER HEGI AG
K02820,Birkenfeld,A-01,75217,WILLIAM PRYM HOLDING GMBH
K02821,Idar-Oberstein,A-01,55743,BECHTHOLD
K02824,Radevomwald,A-01,42477,RADERPLAST
K02826,Schnaittach,A-01,91220,CLEVER SYSTEMTECHNIK GMBH
K02827,Berlin,A-01,12459,DEXION GMBH
K02828,Rödermark,A-01,63322,KUDERNAK GMBH
K02830,Brieselang,A-01,14656,OTEK
K02831,Norderstedt,A-01,22844,STIELOW
K02851,Selb,A-01,95100,VISHAY
K02852,Hamburg,A-01,22771,PHILIPS SEMICONDUCTORS GMBH
K02859,Essen,A-01,45128,TELEFUNKEN ELECTRONIC GMBH
K02860,Heilbronn,A-01,74072,TEMIC TELEFUNKEN
K02862,Heide,A-01,25746,VISHAY BCCOMPONENTS
K02863,Maintal,A-01,63477,HELMUT FRITZ GMBH
K02865,München,A-01,81927,GENERAL INSTRUMENT
K02867,Ispringen,B-01,75228,RUTRONIK
K02868,Bensheim,A-01,64625,HTV GMBH
K02870,Bielefeld,A-01,33649,WILHELM BOELLHOFF GMBH
K02871,Velbert,A-01,42553,BRUMA
K02873,Finnentrop,A-01,57413,GEBR. HOLLWEG
K02876,Frankfurt,A-01,60488,ABB AUTOMATION PRODUCTS GMBH
K02880,Frankfurt,A-01,65933,JUST & CO. INDUSTRIEBEDARF
K02892,Buch,A-01,89290,RATTPACK GRUPPE
K02895,Heiligenhaus,A-01,42579,B & B LEITERPLATTENTECHN
K02897,Duisburg,A-01,47269,KARL PÜPLICHHUISEN KG
K02900,Wuppertal,A-01,42369,DRAKA DEUTSCHLAND GMBH
K02902,Leonberg,A-01,71229,AXON' KABEL GMBH
K02909,Braunschweig,A-01,38122,SETRON GMBH
K02913,Bamberg,A-01,96052,F. WIELAND GMBH
K02919,Essen,A-01,45139,SCHILDER WOLLHOFER GMBH
K02922,Radevormwald,A-01,42477,BRAND GMBH
K02924,Nürnberg,A-01,90471,GMC-INSTRUMENTS/METRAWATT
K02927,Lüdenscheid,A-01,58515,SHC KALTVERFORMUNG
K02928,Düsseldorf,A-01,40549,JÄGER GUMMI U. KUNSTSTOFF GMBH
K02933,Erkelenz,A-01,41812,3 H KUNSTSTOFFE GMBH
K02934,Ennepetal,A-01,58256,WEPA VERPACKUNGEN GMBH
K02935,Velbert,A-01,42555,GEBR. SURRES KG
K02936,Brensbach,A-01,64395,GEORG NIEDER OHG
K02937,Wuppertal,A-01,42117,WILLI HAHN GMBH
K02938,Sonsbeck,A-01,47665,HANS HOHL GMBH
K02943,Bielefeld,A-01,33609,BSB-BENTLAGE GMBH & CO. KG
K02944,Norderstedt,A-01,22851,DETAKTA GMBH & CO.
K02949,Amberg,A-01,92224,KERB-KONUS-VERTRIEB
K02951,Malente,A-01,23714,KLEMZ GMBH
K02953,Kierspe,A-01,58566,HAWO-KUNSTSTOFFTECHNIK GMBH
K02954,Coburg,A-01,96450,HERMANN ROS GMBH
K02963,Mainz,A-01,55129,VIGOT INDUSTRIETECHNIK GMBH
K02964,Velbert,A-01,42549,VELLEUER GMBH & CO
K02965,Zülpich,A-01,53909,MARSTON-BENTLEY-DOMSEL GMBH
K02968,Worbis,A-01,37339,TECTRON GMBH
K02969,Velbert,A-01,42549,JOHANN VITZ GMBH & CO. KG
K02971,Halle,A-01,06118,GÄRNER GMBH HALLE
K02972,Schwabach,A-01,91126,SCHMAUSER PRECISION GMBH
K02973,Halver,A-01,58553,RUDOLF CRAEMER GMBH & CO.
K02975,Schöppenstedt,A-01,38170,P/S KUNSTSTOFFWERKE AG
K02976,Radevormwald,A-01,42477,ADOLF RUOFF GMBH
K02982,Köln,A-01,51147,RIEWOLDT GMBH
K02984,Lüdenscheid,A-01,58509,EMIL HEMBECK GMBH & CO. KG
K02992,Meldorf,A-01,25704,PERSPEKTIVE MELDORF GMBH
K02993,El Son,A-01,NL-5692,BAKKER MAGNETICS B. V.
K02994,Northeim,A-01,37154,THIMM VERPACKUNGEN
K02997,Nürnberg,A-01,90345,O²
K02998,Wilhelmshaven,A-01,26388,GULBINAT
K02999,Grünhain - Beierfeld,B-01,08344,OF STANZ-DICHTUNGSTECHNIK DIT
K03001,Ottobeuren,B-01,87724,BERGER
K03003,Bielefeld,A-01,33611,EUSCHER GMBH & CO. KG
K03006,Nürnberg,A-01,90411,DISTEL STANZ- U. BIEGETECHNIK
K03007,Wellendingen/Wilfingen,A-01,78669,LEIBOLD & AMANN GMBH & CO. KG
K03010,Fürth,B-01,90765,GUGGENBERGER-ASCHENAUER
K03011,Irchenrieth,A-01,92699,HPZ-WERKSTÄTTEN GMBH
K03015,Vöhringen,A-01,89269,FETZER
K03016,Innsbruck,A-01,AT-6020,STEKA WERKE
K03018,Nürnberg,A-01,90461,FRITZ BOY & SOHN
K03023,Hilchenbach,A-01,57271,WILHELM SCHUMACHER GMBH
K03026,Sprockhoevel,A-01,45549,WASKÖNIG GMBH
K03030,Feucht,A-01,90537,MERKON INDUSTRIETEILE GMBH
K03032,Ansbach,A-01,91522,WESTMITTELFRÄNK. WERKSTÄTTEN
K03034,Lauf,A-01,91207,CERAMTEC AG
K03036,Luegde,A-01,32676,SCHWERING & HASSE
K03037,Schwäbisch-Gmünd,B-01,73525,HÖRNLEIN UMFORMTECHNIK GMBH
K03038,Beuren,A-01,72600,STUMPP UND SCHÜLE GMBH
K03039,Bietigheim-Bissingen,A-01,74321,METEOR WEIGELT GMBH & CO. KG
K03040,Niefern-Oeschelbronn,A-01,75223,TYCO ELECTRONICS AMP GMBH
K03045,Kierspe,A-01,58566,KEY PLASTICS/KENDRION
K03046,Berlin,A-01,13053,WÜRTH INDUSTRIESERV. GMBH&COKG
K03047,Buchen-Hainstadt,A-01,74722,SCHEUERMANN + HEILIG GMBH
K03048,Bad Laasphe,A-01,57334,OSTERRATH GMBH & CO. KG
K03049,Nordheim,A-01,74226,JOSEF SCHIMMEL GMBH & CO
K03053,Lennestadt,A-01,57368,EGON GROßHAUS GMBH & CO. KG
K03054,Mettmann,A-01,40822,BURBERG-EICKER GMBH
K03058,Pforzheim,A-01,75180,HERMANN HAUFF GMBH & CO. KG
K03059,Altdorf,A-01,90518,MAGME
K03064,Teltow,A-01,14513,NERLICH DRUCKLUFTTECHNIK GMBH
K03065,Remshalden,A-01,73624,KLINGELE PAPIERWERKE
K03066,Blomberg,A-01,32825,SYNFLEX ELEKTRO GMBH
K03067,Heilbronn,B-01,74078,GGB GLACIER GARLOCK
K03068,Cham,A-01,93413,MÜLLER PRÄZISION GMBH
K03070,Sonderborg,A-01,DK-6400,KORONA PLAST APS
K03073,Köln,A-01,50963,PENSIONS-SICHERUNGS-V. PSVAG
K03074,Stockach,A-01,78333,WALDMANN GMBH & CO. KG
K03075,Solothurn,A-01,CH-4500,HME - TECHNOLOGIES GMBH
K03077,Iserlohn,A-01,58642,WAELZHOLZ SERVICE-CENTER CDW
K03079,Korntal-Münchingen,A-01,70825,BENZING
K03080,Balingen,A-01,72336,KERN & SOHN GMBH
K03081,Renchen,A-01,77871,SANDER
K03084,Heiligenhaus,A-01,42579,AAC KABELBEARBEITUNGS-
K03085,Melsdorf,A-01,24109,EISENHENKEL LOGISTIK GMBH
K03086,Rehau,A-01,95111,REHAU AG + CO
K03087,Bad Laasphe,A-01,57334,PFEIFER GMBH & CO. KG
K03088,Frankenthal,A-01,67227,CMC KLEBETECHNIK GMBH
K03090,Heilbronn,A-01,74072,KACO GMBH & CO
K03095,Gießen,B-01,35392,POPPE GMBH
K03098,Villingendorf,A-01,78667,WEBER GMBH
K03099,Baltmannsweiler,A-01,73666,SCHAFFROTH GMBH
K03100,Nürnberg,B-01,90489,DIENER RICHARD
K03101,Allschwil,A-01,CH-4123,ERAM AG
K03103,Nürnberg,A-01,90427,OTTO HAAS KG
K03105,Bietigheim-Bissingen,A-01,74321,PARKER HANNIFIN GMBH
K03106,Schwabach,A-01,91126,DEUERLEIN PRÄZISION GMBH
K03111,Neuhausen a. d. F.,A-01,73765,BALLUFF GMBH
K03112,Nürnberg,A-01,90439,RUDA-METALL GMBH
K03114,Pyrbaum,A-01,90600,MÜLLER PRÄZISIONSTEILE GMBH
K03115,Allersberg,B-01,90584,GEBR. WAGNER GMBH
K03118,Diedorf,B-01,86420,BORSCHEID & WENIG GMBH
K03122,Ostfildern,B-01,73760,WEVO-CHEMIE GMBH
K03125,Nürnberg,A-01,90403,H. AUGUST MÜLLER
K03126,Berlin,A-01,12435,STEREMAT GALVANIK GMBH
K03127,Keltern,A-01,75210,OECHSLER
K03128,Berlin,A-01,14199,MAHLKE KLIMATECHNIK
K03129,Remseck  OT Hochberg,A-01,71686,BAUMGÄRTNER
K03130,Herrenberg,A-01,71083,WUERTTEMBERG. ALLPLASTIK GMBH
K03133,Schmölln,A-01,04626,AMBOLD PRESSEN GMBH
K03134,Bielefeld,A-01,33719,KAHMANN & ELLERBROCK GMBH
K03136,Rheinstetten,A-01,76287,GES GMBH
K03137,Nürnberg,A-01,90441,SCHULTE & SCHMIDT GMBH & CO KG
K03139,Duisburg,A-01,47269,KARL PÜPLICHHUISEN KG
K03140,Teltow,A-01,14513,AUTOHAUS ZWEITE
K03141,Teltow,A-01,14513,HEBEZEUG - VERTRIEB UND
K03142,Stuttgart,A-01,70499,BRUSH WELLMAN/MATERION
K03143,Schwabach,A-01,91126,LEUPOLD
K03144,Berlin,A-01,13407,KNIP GMBH & CO KG
K03148,Neuenstein,A-01,74632,IMS VERBINDUNGSTECHNIK
K03150,Bonn,A-01,53142,DEUTSCHE POST EXPRESS GMBH
K03151,Kiel,A-01,24145,SEVERIN HANDELSHAUS GMBH & CO.
K03154,Stuttgart,A-01,70565,SCHLEGEL ETIKETTEN TESA
K03155,Hamburg,A-01,20537,HARRY WEGNER GMBH & CO. KG
K03158,Sibiu Romania,A-01,RO-550109,S.C. FLAMET GRUP SRL
K03159,Göttingen,A-01,37005,BOSCH GÖTTINGEN
K03160,Velbert,A-01,4251,BERGISCHE KARTONAGENFABRIK
K03162,Plochingen,A-01,73207,KOMET
K03163,Dettenheim,A-01,76706,KLEIN KUNSTSTOFFTECHNIK GMBH
K03164,Freiburg,A-01,79111,ADVANTEK -FALSCHER KRED.-
K03165,Kempten,A-01,87440,SÜDKRAFT/GAT
K03168,Dortmund,A-01,44145,FRITZ DIEL GMBH & CO. KG
K03169,Hürtgenwald-Horm,A-01,52393,BLINDENWERKSTÄTTE SCHLICH
K03172,Dettingen,A-01,72581,KNAUER
K03175,Breitenbach,A-01,CH-04226,NEXANS SCHWEIZ AG
K03179,Stuttgart,A-01,70565,LAPP
K03180,Pforzheim,B-01,75179,FERD. HAECKER GMBH & CO. KG
K03182,Berlin,B-01,12681,HANOMAG HÄRTOL
K03183,Schwarzenbek,A-01,21493,RICH. AD. BRANDT E. K.
K03184,Teltow,A-01,14513,SV - BÜRO SPUDICH
K03186,Stahnsdorf,A-01,14532,ANNETTE KNIEPERT/ STRUTZKE
K03192,Kirchzarten,A-01,79199,ECOMAL EUROPE GMBH
K03193,Lichtervelde,A-01,BE-8810,VAN DE VELDE EX: CARTONAGE SOE
K03195,Mannheim,A-01,68159,KNUBBEN SPEDITIONS GMBH
K03196,Bioggio,A-01,CH-6934,TYCO ELECTRONICS AUGAT AG
K03198,Hennigsdorf,A-01,16761,BOMBARDIER
K03202,Nürnberg,A-01,90451,KORRODIN GMBH & CO. KG
K03204,Gernsbach,A-01,76593,CASIMIR KAST
K03205,Gernlinden,A-01,82216,WEIDINGER GMBH
K03208,Tiefenbronn,A-01,75233,EWALD SCHAAN
K03209,Hamburg-Barsbüttel,A-01,22885,ARTHUR KRÜGER
K03211,Trappenkamp,A-01,24610,ARTHUR PREDIGER
K03213,Hamburg,A-01,22159,SCPS GMBH
K03214,Elze,A-01,31008,ISO-ELEKTRA
K03215,Grünstadt-Sausenheim,A-01,67269,WELLPAPPENFABRIK GMBH
K03216,Sinsheim,A-01,74889,FISCHER GMBH & CO.KG
K03217,Heitersheim,B-01,79423,WINTERHALDER
K03219,Neuhausen a. d. F.,A-01,73765,VELA SCHRAUBEN GMBH
K03220,Frankenberg,A-01,09669,OZF
K03221,Neuss,A-01,41460,USON
K03223,Remscheid,A-01,42897,SUSE
K03225,Hamburg,A-01,21079,BUREAU VERITAS SA
K03227,Reutlingen,A-01,72766,REINHOLD KOCH GMBH
K03228,Rödermark,A-01,63322,BSG BELT SERVICE GMBH
K03229,Reutlingen,A-01,72760,HASENAUER+ KOCH
K03230,Berlin,A-01,12209,FSD ALT: FSE LANKWITZER WERKST
K03231,Saint Cosme en Vairais,A-01,FR-72110,ALCOA
K03232,Berlin,B-01,12099,CVB CARL ALBERT CHEMIE-VERTRIE
K03233,Caputh,A-01,14548,KABLITZ-SERVICE GMBH & CO. KG
K03234,Essen,A-01,45025,VODAFONE AG & CO. KG ARCOR
K03235,Leipzig,A-01,04103,CAMBOLO GMBH
K03237,Hennigsdorf,A-01,16761,HENNIGSDORFER INO GMBH
K03239,Markranstaedt-Fran,A-01,04420,BÖLLHOFF GMBH
K03241,Am Mellensee,A-01,15833,JÜRGEN PERLEBERG
K03242,Lübeck,A-01,23568,SMURFIT KAPPA LÜBECK
K03245,Strausberg,A-01,15344,RÖMMLER
K03248,Düsseldorf,A-01,40221,WINTERHELLER SOFTWARE GMBH
K03249,Pont de Cheruy Cedex,A-01,FR-38231,FSP ONE
K03250,Wört,A-01,73499,TYCO ELECTRONICS AMP GMBH
K03251,Bielefeld,A-01,33609,STOCKMEIER URETHANES GMBH & CO
K03252,Bensheim,A-01,64625,TYCO LANGEN / BENSHEIM
K03253,Chemnitz  OT Wittgensdorf,A-01,09228,WM CARGONET GMBH & CO. KG
K03254,Berlin,A-01,12167,FED FACHVERBAND
K03255,Weißenhorn,A-01,89264,GERSTLAUER SPEDITION UND
K03258,Nauen,A-01,14641,DEUTSCHE POST BÖRNICKE
K03259,Berlin,A-01,12277,EBK MUK
K03260,Berlin,A-01,13407,HENKEL
K03261,Szekszard,A-01,HU-7100,MMG MÜSZERGYARTO ES
K03262,Syrgenstein-Landshausen,A-01,89428,BERLINER GLAS HERBERT KUBATZ
K03263,Zwönitz,A-01,08297,IMPREGLON / BAUM ZWÖNITZ GMBH
K03265,Gent,A-01,BE-9000GE,ZIEGLER S.A. - N.V.
K03266,Ditzingen,B-01,71254,JOOS
K03267,Berlin,A-01,12103,TÜV AKADEMIE BLN
K03268,Stelle,A-01,21435,KLEINEBERG GMBH
K03270,Wolfach,B-01,77709,CARL LEIPOLD GMBH
K03271,Weilheim,A-01,82360,ZARGES GMBH
K03272,Berlin,B-01,12681,BERGNER HM
K03273,Essen,A-01,45134,BÖGNER
K03274,Xian China,A-01,CN-,CHINA CEIEC SHAANXI CO. LTD.
K03275,Dortmund,A-01,44225,BRUDERER
K03276,Möhlin,A-01,CH-4313,STRECK TRANSPORT AG
K03279,Hildesheim,A-01,31139,BOSCH HILDESHEIM
K03280,Miesbach,A-01,83714,SMA BÜROLOGISTIK
K03281,Waldkraiburg,A-01,84478,RAIMUND BECK GMBH & CO. KG
K03282,Langenfeld,A-01,40764,ENTHONE LANGENF. RG
K03284,Berlin,A-01,12347,BAUMEIER
K03285,Welzheim,A-01,73642,CHRISTIAN BAUER GMBH + CO. KG
K03286,Füssen,A-01,87629,ZETKA
K03287,Villingen-Schwenningen,A-01,78054,KURT MEDER GMBH
K03288,Berlin,A-01,14163,HACH LANGE GMBH
K03290,Berlin,A-01,12277,OBETA BÖTTCHER
K03292,"Shu Lin, Taipei, Taiwan",A-01,TW-238,SONG CHUAN/SHINE LAND
K03295,SCHWAIG b.NÜRNBERG,A-01,90571,AMM SPEDITION
K03296,Erkrath,A-01,40699,WIWOX GMBH SURFACE SYSTEMS
K03300,Berlin,A-01,13581,KUTHE GMBH
K03301,CS Lochem,A-01,NL-7241,MAHLE / AMAFILTER
K03306,Ahlhorn,A-01,26197,DR. D. MÜLLER GMBH
K03307,Amstetten,A-01,73340,ITES VERTRIEBS GMBH
K03309,Dresden,A-01,01109,FRESENIUS
K03310,Grevenbroich,A-01,41516,SPEDITION KLEINE GMBH & CO. KG
K03311,Hamburg,A-01,20149,TOPCART
K03312,Karlsruhe,A-01,76227,SWS SPEDITIONS - GMBH
K03315,Issum,A-01,47661,SOMMER
K03321,Berlin,A-01,10243,BERND ANDRICK
K03322,Berlin,A-01,10864,BERLINER WASSERBETRIEBE
K03324,Iserlohn,A-01,58642,RISSE + WILKE
K03329,Berlin,A-01,12459,PRÄZIFORM
K03330,Karlsruhe,A-01,76137,ABX LOGISTICS
K03331,Kempen,A-01,47906,LACKWERKE PETERS GMBH
K03332,Weimar / Legefeld,A-01,99438,DYNAPOX SPEZIALBAU GMBH
K03333,Berlin,A-01,10247,WISAG GEBE BERLIN/
K03334,Berlin,A-01,10553,LONSCHER WAAGEN GMBH
K03336,Ludwigsfelde,A-01,14974,FEHR UMWELT OST GMBH
K03337,Cottbus,A-01,03048,ZFK BLN /BRANDENBURG DOLMETSCH
K03338,Ratingen,A-01,40839,VODAFONE GMBH
K03340,Pfullingen,A-01,72793,SONNTAG ELECTRONIC GMBH
K03342,Berlin,A-01,12527,VON ANGERN
K03344,Bruxelles,A-01,BE-1080,CTR
K03345,Lüdenscheid,A-01,58513,KARL SCHERER SPEDITION GMBH
K03347,Linthe,A-01,14822,FINKE MINERALÖLWERKE GMBH
K03348,Loßburg,A-01,72290,ARBURG
K03350,Halle,B-01,06112,WIS KUNSTSTOFFE GMBH
K03354,Kleinmachnow,A-01,14532,SPRINT - TANK GERICKE
K03355,Weiterstadt,B-01,64331,PROPLAST KUNSTSTOFF GMBH
K03357,Potsdam,A-01,14482,AVIS AUTOVERMIETUNG GMBH & CO.
K03358,Tübingen,A-01,72070,MATRONIC GMBH & CO.
K03359,Berlin,A-01,10787,DIN DEUTSCHES INSTITUT
K03360,Düsseldorf,B-01,40549,BÖHLER
K03361,Aschaffenburg,B-01,63741,OPITZ GMBH
K03362,Berlin,A-01,12681,KONFORM
K03363,Wuppertal,A-01,42285,SANDER GMBH & CO. KG
K03364,Solingen,A-01,42653,MTK MAGNET-FABRIK SOLINGEN
K03365,Berlin,A-01,10115,VATTENFALL EUROPE SALES GMBH
K03366,Alzenau,A-01,63755,ABB AUTOMATION PRODUCTS GMBH
K03367,Nürnberg,A-01,90459,BÜHLER MOTOR GMBH
K03368,Haan,A-01,42781,INGENIEURBÜRO KÖNIGSBAUER
K03369,Beerwalde,A-01,01774,AB ELEKTRONIK SACHSEN GMBH
K03371,Berlin,A-01,12347,TOTAL FEUERSCHUTZ GMBH
K03372,Berlin,B-01,10585,RIWA AUFZÜGE GMBH
K03373,Eschborn,A-01,65728,BFL LEASING GMBH
K03374,Blankenhain,B-01,99444,GRAFE POLYMER SOLUTIONS GMBH
K03375,Teltow,A-01,14513,EBK HOLDING GMBH & CO. KG
K03376,Berlin,A-01,12307,HEWID HEIZELEMENTE GMBH
K03377,Groß-Umstadt,B-01,64823,EMS-CHEMIE GRIVORY
K03378,Zwingenberg,B-01,64673,RESINEX GERMANY GMBH
K03379,Thale,A-01,06502,MAXITROL GMBH & CO. KG
K03381,Herne,B-01,44625,TER HELL PLASTIC GMBH
K03382,Hallbergmoos,A-01,85399,TETRANET SOLUTIONS GMBH
K03383,Solms,A-01,35606,TRANSPAK AG
K03384,Bonndorf,A-01,79845,DUNKERMOTOREN GMBH
K03385,Fürstenwalde,A-01,15501,FÜRSTENWALDER AUS- UND
K03387,Großbeeren,A-01,14979,RIECK GROßBEEREN
K03390,Hamburg,B-01,20095,BIESTERFELD PLASTIC GMBH
K03391,Berlin,A-01,13405,DEKRA AUTOMOBIL GMBH
K03393,Freiburg,A-01,79108,ADVANTEK GMBH
K03394,Berlin,A-01,12277,REDOTEC
K03395,Berlin,A-01,14163,BRIETZKE/DINO
K03396,Lappersdorf,A-01,93138,DH - SPEZIALSTAHL
K03398,Neunkirchen,A-01,91077,SKP TECHNIK GMBH
K03400,Berlin,A-01,13629,JOSEF KERN
K03401,Ludwigsfelde,A-01,14974,JAFOPLAST BAUPRODUKTE GMBH
K03403,Wedemark,A-01,30891,MÖBUS HANDELS GMBH
K03404,Engstingen,A-01,72829,STECKER-EXPRESS GMBH
K03406,Wiesbaden,A-01,65189,LINDE LEASING GMBH
K03407,Frankfurt,A-01,65933,AIR LIQUIDE DEUTSCHLAND GMBH
K03408,Gunzenhausen,A-01,91704,MÜLLER & ZIEGLER GMBH & CO. KG
K03409,Nürnberg,A-01,90427,BOLLMANN
K03410,Minden,A-01,32425,ABB AUTOMATION GMBH
K03411,Hamburg,A-01,20539,ELANTAS BECK GMBH
K03413,Leuna,A-01,07236,BASF LEUNA GMBH
K03414,Berlin,A-01,12524,ANGARD WERBUNG
K03415,Potsdam,A-01,14471,HUEBER GMBH
K03416,Ahrensfelde,A-01,16356,ING.BÜRO / HAMPEL
K03417,Enkenbach-Alsenborn,A-01,67677,TRW AUTOMOTIVE ELECTRONICS &
K03418,Reutlingen,A-01,72762,MAIER
K03420,Großenseebach,A-01,91091,ING. BÜRO F. J. RAPP
K03422,Augsburg,A-01,86161,PB MESSTECHNIK / PIEPER
K03424,Wertheim-Bettingen,A-01,97877,SAINT-GOBAIN PERFORMANCE
K03425,Herwijnen,A-01,NL-4171CW,WIMKO
K03426,Berlin,A-01,12681,ADAM
K03427,Osterholz-Scharmbeck,A-01,27711,HUSMANN
K03430,Pforzheim,A-01,75181,AMI DODUCO EU
K03431,Sirtori - Lecco,A-01,IT-23896,LARO
K03432,Spital am Pyhrn,A-01,AT-4582,MARK METALLWARENFABRIK GMBH
K03433,Mannheim,A-01,68063,MANNHEIMER TRANSPORT-
K03434,Erfurt,A-01,99096,TÜV AKADEMIE ERFURT
K03435,Puchheim,A-01,82178,MIJACHI EUROPE CORPORATION
K03437,Idstein,A-01,65510,GLYN GMBH & CO. KG
K03438,Hamburg,A-01,22113,FAHNING SPEDITION GMBH
K03439,Bévilard,A-01,CH-2735,GERMAIN LOETSCHER SA/AZUREA
K03441,Berlin,A-01,13509,KME BRASS GERMANY GMBH
K03442,Weidenberg,A-01,95464,RÖCHLING PRECISION COMPONENTS
K03443,Schwaig,A-01,90571,BÜSCHEL GMBH
K03444,Epfendorf,A-01,78736,ÄTZTECHNIK HERZ GMBH & CO KG
K03445,Riudecols,B-01,ES-43390,INDUSTRIAS TEIXIDO S.A.
K03446,Mühlacker-Enzberg,A-01,75417,MANFRED GEIGLE GMBH
K03447,Oberursel,A-01,61440,WEPPLER FILTER GMBH
K03448,Heerbrugg,A-01,CH-9435,SFS INTEC AG
K03449,Le Locle,A-01,CH-2400,DIXI CYLINDRE S.A.
K03450,Idar-Oberstein,B-01,55743,JULIUS HAUPT GMBH
K03451,Grenchen,A-01,CH 2540,MICHEL PRÄZISIONST./BURRI
K03453,Enschede,A-01,NL-7500 AB,DIGI-KEY ELECTRONICS
K03454,Aachen,A-01,52078,SCHAUMSTOFFE HELGERS E. K.
K03457,EVORA,A-01,7002-552,TYCO EVORA
K03458,Esslingen,A-01,73728,MAHR ESSLINGEN
K03459,Reinbek,B-01,21465,KUNSTSTOFF KONTOR HAMBURG
K03460,Bindlach,A-01,95463,KNOLL HYDRAULIK GMBH & CO. KG
K03461,Karlsruhe,A-01,76131,SPEDITION KUNZE GMBH
K03462,Strasskirchen,A-01,94342,EMITEL AG
K03464,Berlin,A-01,10829,ENTERPRISE AUTOVERMIETUNG
K03465,Wiesbaden,B-01,65205,LATI INDUSTRIA TERMOPLASTICI
K03466,Berlin,A-01,10965,HAUPTZOLLAMT BERLIN
K03470,Saarbrücken,B-01,66119,JOERN THEWALT E.K.
K03471,Kassel,A-01,34123,LANDEFELD  DRUCKLUFT
K03472,Lohmar,A-01,53797,QUME DIVISION
K03473,Buchholz,A-01,21244,NYLON POLYMERS
K03474,Homburg,A-01,66406,SAAR-BLANKSTAHL GMBH
K03476,Teltow,A-01,14513,DIE GLASEREI FILIALE DES
K03477,Strausberg,A-01,15344,ESD-CONSULT
K03478,Bestensee,B-01,15741,FRANK SCHULZE
K03480,Schöneiche,A-01,15566,INDUSTRIE-HYDRAULIK VOGEL+PARTNER
K03481,Werne,A-01,59368,PTR MESSTECHNIK GMBH & CO. KG
K03482,Cloppenburg,A-01,49661,OLYMPISCHE SPORT
K03483,Reutlingen,A-01,72766,FOERSTER
K03484,Holzkirchen,A-01,83607,PANASONIC ELECTRICS WORKS
K03485,Almelo,A-01,NL-7602 EM,SENTASA /DELTA TECH
K03486,Berlin,A-01,10789,AKZENT  PERSONALDIENST-
K03487,Eppingen,A-01,75031,DPV ELEKTRONIK-SERVICE GMBH
K03488,Salach,A-01,73084,SCHAAL
K03489,Lüdenscheid,A-01,58513,LENZKES SPANNTECHNIK GMBH
K03490,Potsdam,A-01,14478,KRAGE & CO. POTSDAM GMBH
K03491,Buggingen,A-01,79426,PEARL.GMBH
K03494,Rodenbach,A-01,63517,ARMIN HAIN GMBH & CO. KG
K03495,Oberhausen,A-01,46047,FELDER GMBH
K03496,Annaberg-Buchholz,A-01,09456,NAVE.DRUCK
K03498,Holzminden,A-01,37603,STIEBEL HOLZMINDEN
K03499,Freiburg,A-01,79100,ALLURIS GMBH & CO. KG
K03500,Hosena,A-01,01996,CLEVER ETIKETTEN GMBH
K03501,Eggenfelden,A-01,84301,LORBEER BÜROMÖBEL GMBH
K03504,Berlin,A-01,12489,AZBA GMBH
K03505,Sukow bei Schwerin,A-01,19079,INGENIEURBÜRO FALKE
K03506,Heilbronn,A-01,74076,WINCANTON TRANS EUROPEAN
K03507,Bad Belzig,A-01,14806,NEUKÖLLNER  LEITERNFABRIK
K03508,Leipzig,A-01,04229,KUNSTSTOFF-ZENTRUM IN LEIPZIG
K03509,Torgau,A-01,04860,TANGENS
K03510,Am Mellensee,A-01,15838,ETB ELECTRONIC TEAM
K03511,Berlin,A-01,13158,BÜROAUSSTATTUNG WEBER
K03512,Frankfurt,A-01,60388,ERB GMBH MESSTECHNIK & CO. KG
K03513,Dresden,A-01,01067,RKW SACHSEN GMBH
K03516,Heilbronn,A-01,74078,PFEFFERKORN GMBH & CO. KG
K03517,Reinbek,B-01,21465,POLYMA KUNSTSTOFF GMBH
K03525,Lübeck,A-01,23556,PAUL WEIDLICH LÜBECK GMBH
K03529,St. Georgen,A-01,78112,SCHMIDT TECHNOLOGIE GMBH
K03532,Maintal,A-01,63477,DESOUTTER GMBH
K03534,Dreieich,A-01,63303,ETIKS GMBH
K03535,Dietmannsried,A-01,87463,POWER CONTROL ELECTRONIC GMBH
K03536,Viersen,A-01,41747,EA ELEKTRO -  AUTOMATIC
K03537,Osaka,A-01,JP-530-0044,TÜV RHEINLAND JAPAN LTD.
K03538,Osann-Monzel,A-01,54518,ELTRA ELEKTROMASCHINEN- UND
K03539,Bovenden,A-01,37120,RUHSTRAT GMBH
K03540,Neuss,A-01,41468,MOELLER ELEKTRIC GMBH
K03541,Solingen,A-01,42699,RÖLTGEN GMBH & CO. KG
K03543,Ramstein-Miesenbach,B-01,66877,LEIS POLYTECHNIK GMBH
K03544,Unterhaching,A-01,82008,UWE ELECTRONIC VERTRIEBS GMBH
K03545,Sömmerda,A-01,99610,PÜPLICHHUISEN KABELTECHNIK GMBH
K03552,Neuenhagen,A-01,15366,KNUTH NEUTEC
K03553,Bückeburg,A-01,31675,CHIPTRADE.COM GMBH
K03554,Naila,A-01,95114,BISCHOFF INTERNATIONAL GMBH
K03557,Dabendorf,A-01,15806,DAWEBA
K03559,Waldkraiburg,A-01,84478,HANS SCHMIDT & CO. GMBH
K03562,Berlin,A-01,12277,DELTA LASER TECH GMBH
K03564,Sontheim,A-01,89567,RÖHM GMBH SONTHEIM
K03565,Monte Marenzo,A-01,IT-23804,EUCASTING S.R.L./FOMMA
K03570,Wolfurt,B-01,AT-6960,MEUSBURGER GEORG GMBH & CO.
K03571,Rathenow,A-01,14712,RFG  RATHENOWER FEING
K03572,Lecco,A-01,IT-23900,EUCASTING S.R.L. (RG)
K03578,Köthen,A-01,06354,MERCATEO AG
K03609,Balve,A-01,58802,BALVER ZINN
K03629,Grabow,A-01,14823,PRECITEC GMBH
K03657,Gründau,A-01,63584,ASECOS GMBH
K03663,Bonn,A-01,53095,ORGENDA VERLAG
K03667,Reichenwalde,A-01,15526,ETS PRODUCT SERVICE AG
K03668,Waldenburg,A-01,74638,WÜRTH ELEKTRONIK EISOS GMBH &
K03670,Oberkochen,A-01,73443,C.D. CD WÄLZHOLZ KG
K03676,Wörth am Rhein,A-01,76744,EUROPACK /WELLPAPPENWERK
K03677,Groß Kreutz,A-01,14550,VOLKMANN
K03680,Trossingen,A-01,78639,SGM SCHUT GEOMETRISCHE
K03683,Neu-Isenburg,A-01,63263,UL INTERNATIONAL GERMANY GMBH
K03686,Villingen-Schwenningen,B-01,78052,GRÄSSLIN KBS GMBH
K03687,Wolfen,A-01,06766,ZMK & ANALYTIK GMBH
K03690,Lüdenscheid,A-01,58513,HASCO LÜDENSCHEID
K03691,Stuttgart,A-01,70573,MÄDLER STUTTGART
K03694,Reutlingen,A-01,72764,RILITEC
K03695,Heuchelheim,A-01,35452,JÜRGEN HOFMANN
K03696,Wustermark,A-01,14641,DPD DEUTSCHLAND GMBH
K03700,Sibiu,A-01,RO-550109,FLARO PROD
K03701,Dresden,A-01,01099,CYBERPORT- STORE DRESDEN
K03702,Bentwisch,A-01,18182,FRIEDRICH NIEMANN GMBH& CO.KG
K03703,Berlin,B-01,12277,FILTER-MÜLLER
K03704,Hanau,A-01,63452,L. MEILI & CO. GMBH
K03705,Langen,A-01,63225,UNIPETROL DEUTSCHLAND
K03706,Hartha,A-01,04746,GLUSKE SACHSEN GMBH & CO. KG
K03707,Reutlingen,A-01,72766,WINTERTHUR
K03708,Hallbergmoos,A-01,85399,SUPPLYON AG
K03710,Wanfried,A-01,37281,WANFRIED-DRUCK KALDEN GMBH
K03711,Berlin,A-01,12435,DCAM GMBH
K03712,Nürnberg,A-01,90451,GEIS EUROCARGO GMBH
K03713,Mainz,A-01,55124,COFACE FINANZ GMBH
K03714,Schenefeld,A-01,22869,CS ELECTRONIC VERTRIEBS GMBH
K03715,Strausberg,A-01,15344,3D PADELT SYSTEME GMBH
K03716,Berlin,A-01,12107,MAG INDUSTRIE BATTERIE SERVICE
K03717,Neuwied,A-01,56566,EUROVLIES SÜD GMBH
K03718,Essen,A-01,45127,RUDOLF FLUME TECHNIK GMBH
K03720,Eisenberg,B-01,07607,MARKS GMBH
K03721,Konstanz,A-01,78467,OPAL ASSOCIATES GMBH
K03723,Berlin,A-01,10589,SIGNUM
K03724,Bad Homburg,A-01,61350,KUNSTSTOFF INFORMATION
K03725,Reutlingen,A-01,72766,SCHWEIZER GMBH & CO. KG
K03728,Berlin,A-01,13627,AIR BERLIN PLC & CO
K03730,Wiesbaden,A-01,65199,IFTOOLS GBR
K03731,Brandenburg,A-01,14770,FINANZAMT BRANDENBURG
K03734,Köln,A-01,50442,ABN AMRO FÜR RATTPACK
K03736,Eschborn,A-01,65760,VR FACTOREM GMBH
K03741,Würzburg,A-01,97092,WIRTSCHAFTSWOCHE
K03742,Bad Schussenried,A-01,88427,WIGGENHAUSER VERTRIEBS- GMBH
K03743,Lauterbach,A-01,99826,LAB LAUTERTAL
K03745,München,A-01,81675,IC-DIRECT GMBH
K03746,Velten,A-01,16727,FRANZ JOOST & CO.
K03747,Roßhaupten,A-01,87672,ETISYS ETTIKETTIERLÖSUNG GMBH
K03749,Kempten,A-01,87437,WNT DEUTSCHLAND GMBH
K03750,Steinach,A-01,96523,HV-ELEKTRONIK
K03751,Stahnsdorf,A-01,14532,LEITNER SATTLEREI
K03752,Lostorf,A-01,CH-4654,VOGT VERBINDUNGSTECHNIK
K03753,Nürnberg,A-01,90427,TRÖSTER & CO.
K03754,Rathenow,A-01,14712,WASSER- UND ABWASSERVERBAND
K03755,Potsdam,A-01,14437,EMB
K03756,Potsdam,A-01,14411,E ON EDIS AG EON
K03757,Marienbad,A-01,CZ-35301,HERRN ROMAN JOKEL
K03759,Berlin,A-01,13053,FRISTER & LISEC GBR
K03760,Geretsried,A-01,82533,AMPCO METALL DEUTSCHLAND GMBH
K03761,München,A-01,80637,EXPEDIA.COM GMBH
K03762,Berlin,A-01,13343,AMTSGERICHT WEDDING
K03763,Pfungstadt,A-01,64319,HACH PFUNGSTADT
K03764,Oberndorf,A-01,78727,EXERON GMBH
K03765,Berlin,A-01,10587,PETER H. DIETRICH GMBH
K03766,Triptis,A-01,07819,FKT FORMENBAU UND
K03767,Ljubljana,A-01,SI-1000,"ISKRA, D.D."
K03768,Nürnberg,A-01,90441,JOHANN KLEINLEIN
K03769,Basel,A-01,CH-4058,SIXT HOLIDAY CARS AG
K03770,Fredersdorf,A-01,15370,VQB
K03772,Haan,A-01,42781,WALTHER TROWAL GMBH & CO. KG
K03774,Wildau,A-01,15745,TFH WILDAU
K03775,Aichach,A-01,86551,KUNSTSTOFFTECHNIK AICHACH GMBH
K03779,Hamburg,A-01,20537,ESSKA.DE GMBH
K03781,Potsdam,A-01,14480,KAI ZENTNER
K03783,Hennigsdorf,A-01,16761,AUMANN BERLIN GMBH
K03784,Bergneustadt,A-01,51702,NORWE GMBH
K03785,Hattersheim,A-01,65795,ELESTA GMBH ELEKTRONIK
K03786,Disentis,A-01,CH-7180,DISTEC AG
K03787,Schwaig,A-01,90571,DEMAG ERGOTECH GMBH
K03789,Berlin,A-01,10623,LEHMANNS FACHBUCHHANDLUNG GMBH
K03790,Wehr,A-01,79664,ROTA YOKOGAWA GMBH & CO. KG
K03791,Bayreuth,A-01,95448,STÄUBLI
K03793,Mühlheim,A-01,63165,MASTERBATCH WINTER
K03794,Leipzig,A-01,04318,ENTHONE GMBH/LEIPZIG
K03795,Berlin,A-01,13507,KINDERMANN TCV GMBH
K03796,Bamberg,A-01,96050,BOSCH BAMBERG
K03797,Mühlacker,A-01,75417,BERNECKER UMFORMTECHNIK GMBH
K03800,Fürth,A-01,90763,HOEFER & SOHN GMBH & CO KG
K03801,Neustadt,A-01,53577,DR. BOY GMBH & CO. KG
K03802,Ludwigsfelde,A-01,14974,WÜNSDORFER WERKSTÄTTEN GGMBH
K03803,Bingen,A-01,55411,TREFFERT GMBH & CO.KG
K03806,Oranienburg,B-01,16515,GZO- SURFACED
K03812,Radevormwald,A-01,42477,GUTBERLETT GMBH
K03813,Gaggenau,A-01,76571,POLYONE TH. BERGMANN GMBH
K03820,Mels,A-01,CH-8887,JAKOB
K03822,Braunschweig,A-01,38118,MWS- MECHANISCHE WERKSTATT
K03823,Madrid,A-01,ES-28022,SIMENSA
K03824,Grabs SG,A-01,CH-9472,PAGO AG
K03845,Malente,A-01,23714,HERMANN DREHTECHNIK GMBH
K03875,Hofoldingnauen,A-01,85649,MULTI CIRCUIT BOARDS LTD.
K03878,Ladenburg,A-01,68526,HUETTEMANN LOGISTIK GMBH
K03879,Berlin,A-01,12059,WEIDLING GMBH
K03880,Bederkesa,A-01,27624,FORMA
K03906,Laudenbach,B-01,69514,JOST CHEMICALS GMBH
K03913,Berlin,A-01,10365,SCHNEIDER & ZILLIG
K03919,Schopfheim,A-01,79650,HANF-UNION GMBH
K03932,Blaichach,A-01,87544,HOTEL-PENSION WOLF
K03940,Northeim,B-01,37154,CONTITECH GMBH ELASTOMER
K03942,Hagen,B-01,58119,HEERMANN GMBH
K03944,Röslau,B-01,95195,SCHERDEL DRUCKFEDERNTECHNIK
K03949,Osnabrück,B-01,49084,ABRAMS PREMIUM STAHL
K03952,Braga,A-01,PT-4700-034,ETMA - EMPRESA TÉCNICA
K03953,Dortmund,A-01,44141,TANDBERG DATA GMBH
K03954,Rosengarten,B-01,21224,IPF ELECTRONIC GMBH
K03957,Rangsdorf,A-01,15834,EMS STRZELETZ
K03958,Berlin,B-01,13088,AMZ WEISSENSEER
K03959,Blaichach,A-01,87542,BOSCH BLAICHACH
K03960,Bad Rappenau,B-01,74906,XIFA KUNSTSTOFFVERTRIEB GMBH
K03970,Kierspe,A-01,58566,HUGO SCHNIPPERING
K03971,Ajalvir - Madrid,A-01,ES-28864,"INDUSTRIA AUXILIAR MADRILEÑA,"
K03974,Cisano Bergamosco,A-01,IT-24034,"M.S. AMBROGIO, S.P.A."
K03975,Madrid,A-01,ES-28860,"MATRIPLAS, S.L."
K03977,Schmallenberg,A-01,57392,SCHRICHTEN GMBH
K03979,Badalona,A-01,ES-8918,"TERMINALES Y REMACHES, S.A."
K03981,Röttenbach,A-01,91187,WILHELM MÜLLER GMBH
K03983,Stuttgart,A-01,70182,RÖGELEIN GMBH
K03986,Treuchtlingen,A-01,91757,KITE ELECTRONICS GMBH
K03987,Madrid,A-01,ES-28814,HELLA CEDASA COMPAÑÍA
K03992,Berlin,A-01,12681,SONEPAR DEUTSCHLAND
K03995,Berlin,A-01,13599,RG PISCHKE / PRO BLECH
K04000,Böhlerwerk,A-01,AT-3333,VOESTALPINE
K04002,Berlin,A-01,12681,SCHURBOHM METALLSCHLEIFEREI
K04003,Lüdenscheid,A-01,58511,METOBA
K04006,Halver,A-01,58553,NAGLER NORMALIEN GMBH
K04015,Berlin,B-01,12587,LFS LASER-FORMSCHNITT GMBH
K04018,Leinfelden-Echterdingen,A-01,70771,FERDINAND GROSS GMBH & CO. KG
K04020,Treuchtlingen,A-01,91757,ALFMEIER AG
K04023,Nottighamshire,A-01,GB-NG17-2HW,JET PRESS LIMITED
K04024,Korntal-Münchingen,A-01,70825,WÄHMER METALLPRÄZISIONS GMBH
K04025,Münster,A-01,48155,WIENKER GMBH
K04028,Frankfurt,A-01,60437,TÜV SÜD AKADEMIE GMBH
K04041,Hildesheim,B-01,31137,PETROFER GMBH & CO. KG
K04044,Berlin,B-01,13469,BEBRA HANDELS GMBH
K04047,Potsdam,A-01,14467,TEMPTON
K04050,Rapperswil,A-01,CH-8640,WEIDMANN PLASTICSTECHNOLOGY
K04051,Neudörfl,A-01,AT-7201,NANOGATE ELECTRONIC SYSTEMS
K04053,Erkrath,A-01,40699,EKD GELENKROHR GMBH
K04055,Villingen-Schwenningen,A-01,78056,NICKEL GMBH
K04056,Schwerin,A-01,19061,SEELANDT & UTECHT KUNSTSTOFF-
K04059,Bevaix NE,B-01,CH-2022,ADAX S.A.
K04060,Gerstetten-Heuchlingen,B-01,89547,ALFRED BECK MASCHINENBAU GMBH
K04061,Villongo BG,B-01,IT-24060,ARGOMM S.P.A.
K04062,Wernau,A-01,73249,VOIGT GMBH
K04063,Obergünzburg,B-01,87634,COPROTEC SYSTEME GMBH
K04064,Stuttgart,A-01,70489,MERCEDES BENZ LEASING GMBH
K04066,Rheine,B-01,48432,KTR KUPPLUNGSTECHNIK GMBH
K04067,Weissach,A-01,71554,HANS J. MICHAEL GMBH
K04068,Langenzenn,A-01,90579,AUTOSPLICE EUROPE GMBH
K04069,Roding,A-01,93426,RKT RODINGER KUNSTSTOFF-
K04070,Möhlin,A-01,CH-4313,SMURFIT KAPPA CH
K04071,Buchen,B-01,74722,ASK-KUNSTSTOFFE GMBH
K04073,Hagen,A-01,58119,JÖRG VOGELSANG GMBH & CO. KG
K04074,Pforzheim,B-01,75177,HOFFMANN GMBH
K04075,Langenau,B-01,89129,BERNHARD MACK
K04076,Gärtringen,A-01,71116,P. + K. LAGER- UND BETRIEBS-
K04095,Kirchzarten,A-01,79199,TESTO INDUSTRIAL SERVICES GMBH
K04096,Ludwigsfelde,A-01,14974,CNC WSAS- ANDREAS SCHMIDT
K04098,Willich,A-01,47871,STRUERS GMBH
K04108,Ettlingen,A-01,76275,PK ELEKTRONIK VERTRIEBS GMBH
K04109,Dinslaken,B-01,46539,MERCANTA DEUTSCHLAND GMBH
K04110,Bornheim,A-01,53332,TERRASHOP GMBH
K04112,Luckenwalde,A-01,14943,HEPA WÄLZLAGER GMBH & CO. KG
K04113,Berlin,A-01,12435,SIEMENS AG
K04114,Marktredwitz,B-01,95615,SCHERDEL GMBH
K04115,Duisburg,B-01,47055,BRABENDER MESSTECHNIK
K04116,Düsseldorf,A-01,40549,HACH LANGE GMBH
K04120,Beelitz,B-01,14547,BAU-SERVICE URBSCHAT
K04123,Berlin,B-01,10245,WERBERITTER
K04126,Diez,Z-RGF,65582,COMPTEK
K04127,Waiblingen,B-01,71332,ROBERT BOSCH GMBH
K04128,Neuenbürg,B-01,75305,ALBERT WEBER GMBH
K04129,Hagenow,A-01,19230,MÜLLER KUNSTSTOFFTECHNIK GMBH
K04132,Grünsfeld,A-01,97947,WHS SONDERMETALLE
K04133,Wurmberg,B-01,75449,KURT EBERLE GMBH & CO. KG
K04134,Zörbig,B-01,06780,FLP MICROFINISHING GMBH
K04136,Gunzenhausen,B-01,91710,PRESSMETALL GUNZENHAUSEN
K04137,Velbert,B-01,42551,HEISMANN DREHTECHNIK
K04138,"Sesto al Reghena, PN",B-01,IT-33079,FRIULPRESS-SAMP SPA
K04139,Terre del Reno,B-01,IT-44047,TECOPRESS S.R.L.
K04140,Niederwinkling,B-01,94559,WALLSTABE & SCHNEIDER
K04144,Hoisdorf,A-01,22955,DICHTUNGSTECHNIK G. BRUSS
K04145,Berlin,A-01,12057,VFJ WERKSTÄTTEN GMBH
K04146,Ditzingen,B-01,71254,SCHOPF SCHLEIFTECHNIK GMBH
K04147,Marnaz,B-01,FR-74460,BENOIT JOLIVET
K04148,Wertach,B-01,87497,A. BERGER GMBH & CO
K04149,Ummendorf,B-01,88444,BERGER FEINTECHNIK GMBH
K04150,Homburg,B-01,66424,KADIA PRODUKTION GMBH + CO.
K04152,Bretten,A-01,75015,KLUMPP GMBH & CO. KG
K04153,Luckenwalde,B-01,14943,KALIBRIX GMBH
K04157,Stuttgart,B-01,70565,FRIEDRICH SCHARR KG
K04161,Marktrodach,A-01,96364,FRIEDRICH JÖRG GMBH
K04162,Luckenwalde,A-01,14943,KALIBRIX GMBH
K04167,Steinenbronn,A-01,71144,TETRA TEC INSTRUMENTS GMBH
K04169,Pretzfeld,B-01,91362,GEIGER GMBH
K04172,Weinstadt,B-01,71373,HASERT GMBH
K04173,Schalksmühle,B-01,58579,LINN-PUMPEN GMBH
K04176,Albstadt-Truchtelfingen,B-01,72461,KARL KÜFNER GMBH & CO. KG
K04179,Sindelfingen,B-01,71050,SCHNORR GMBH
K04180,Adelsheim,B-01,74740,JOSEF SCHIMMEL GMBH & CO. KG
K04181,Bubsheim,B-01,78585,HÄRING KG
K04182,Rinteln,B-01,31737,HUBERT STÜKEN GMBH & CO. KG
K04183,Schiltach,B-01,77757,GRIESHABER GMBH & CO. KG
K04184,Bietigheim-Bissingen,B-01,74321,ELRINGKLINGER
K04185,Mannheim,A-01,68055,HUTCHINSON GMBH
K04189,Leipheim,B-01,89340,ARBEITSSCHUTZ-EXPRESS WIEDEMAN
K04195,Trappenkamp,A-01,24610,POLY-KARTON GMBH
K04202,Esslingen,A-01,73734,FIESSLER ELEKTRONIK GMBH & CO.
K04203,Hamburg,B-01,22047,SMURFIT KAPPA SERVICE GMBH
K04209,Berlin,B-01,12277,GENZ OHG
K04211,Bräunlingen,A-01,78199,DYNACAST DEUTSCHLAND GMBH
K04213,Baden-Baden,A-01,76534,SCHULZ-ELECTRONIC GMBH
K04219,Szekszárd,B-01,HU-7100,MMG AUTÓALKATRÉSZ ÉS DOMO-
K04220,Schwaig,B-01,90571,SUMITOMO (SHI) DEMAG PLASTICS MACHINERY GMBH
K04221,Korbach,B-01,34497,CONTITECH SCHLAUCH GMBH
K04225,Aichi,B-01,JP-4740011,FUJI INDUSTRIES CORPORATION
K04229,Schwabmünchen,A-01,86830,J. N. EBERLE
K04232,Gosheim,B-01,78559,TURNINGTEC GMBH
K04233,Schwäbisch Gmünd,B-01,73508,ROSCHO ADOLF SCHOLZE GMBH & CO
K04236,Schramberg,B-01,78713,HUGO KERN UND LIEBERS GMBH
K04237,Bad Berleburg,B-01,57319,EJOT GMBH & CO. KG
K04244,Fulda,B-01,36041,KGM KUGELFABRIK GMBH & CO. KG
K04249,Polch,A-01,56751,PRI-MA-TECH
K04250,Wendelstein,A-01,90530,C:MET GMBH/IBE
K04251,Hamburg,B-01,20457,VELOX GMBH
K04253,Berlin,A-01,12249,SANDVOSS PUMPEN-CENTER GMBH
K04254,Stahnsdorf,A-01,14532,AHS ANLAGEN UND
K04255,Deckenpfronn,A-01,75392,OMEGA ENGINEERING GMBH
K04256,Welzheim,A-01,73642,LIPPOK & WOLF GMBH
K04257,Hamburg,A-01,22041,RISCHE & HERFURTH GMBH
K04258,Renchen,B-01,77871,ERDRICH UMFORMTECHIK GMBH
K04260,Großostheim,A-01,63762,OFFICE DEPOT DEUTSCHLAND
K04263,Gilching,A-01,82205,ELECTRONIC ASSEMBLY GMBH
K04266,Duisburg,B-01,47051,BREMER & LEGUIL GMBH
K04267,Herrenberg,A-01,71083,DF DRUCKLUFT-FACHHANDEL GMBH
K04271,Berlin,A-01,12277,LTMEMORY GMBH
K04273,Dorset,A-01,GB-DT5 2AD,EUROTUBES UK LTD
K04274,Oldenzaal,B-01,NL-7575 AS,VERNAY EUROPA B.V.
K04275,Weinheim,B-01,69465,FREUDENBERG FST GMBH
K04276,Schattdorf,B-01,CH-6467,DÄTWYLER RUBBER
K04277,Weinstadt,B-01,71384,KURT KAUFFMANN
K04278,Bretten,B-01,75015,FELSS ROTAFORM GMBH
K04279,Engstingen,A-01,72829,SCHWERDTLE-FEDERN GMBH
K04280,SCIONZIER-CEDEX,B-01,FR-74953,BONIONI S.A
K04281,ZOLA PREDOSA,B-01,IT-40069,GVS S.P.A
K04282,Schwielowsee,A-01,14548,GAFATEC
K04284,Nürnberg,A-01,90449,KOMAX KABELVERABEITUNGSYSTEME
K04286,Berlin,A-01,12277,MÄRKISCHE BRÜCKMANN
K04288,Berlin,A-01,12277,KMB
K04290,Mindelheim,A-01,87719,CHARLOTTE BAUR
K04291,Bielefeld,A-01,33649,BÖLLHOFF GMBH
K04292,Ceske Budejovice,A-01,CZ-370 04,"ROBERT BOSCH, SPOL. S.R.O."
K04293,Kämpfelbach,A-01,75236,DOLESCHEL GMBH
K04294,Neuhaus-Schierschnitz,A-01,96524,FEDERAL-MOGUL IGNITION GMBH
K04295,Pleidelsheim,A-01,74385,GMB KUNSTSTOFFTEILE GMBH
K04296,Okrisky,A-01,CZ-67521,MANN + HUMMEL (CZ) S.R.O.
K04298,Frittlingen,B-01,78665,WENZLER
K04299,Wiesau,A-01,95676,WIESAUPLAST GMBH
K04300,Reutlingen,A-01,72770,R.E.T.
K04301,Plüderhausen,B-01,73655,MAYRHÖNES GMBH
K04305,Berlin,A-01,14129,HEDA KG ZENTRALE
K04306,Kraftsdorf,A-01,07586,BÖWE ELEKTRIK GMBH
K04308,Murten,B-01,CH-3280,JOHNSON ELECTRIC
K04309,Elsau,A-01,CH-8352,CERAMDIS GMBH
K04310,Bielefeld,B-01,33605,METAFLUX TECHNO-SERVICE GMBH
K04313,Kerpen,B-01,50170,A. SCHULMAN GMBH
K04314,Bayreuth,A-01,95444,EBU UMFORMTECHNIK GMBH
K04315,Lüdenscheid,A-01,58507,KIBA KIRSEBAUER GMBH
K04317,Solothurn,A-01,CH-4502,GLUTZ AG
K04326,Villingen-Schwenningen,B-01,78054,KARL SCHLENKER FEDERNFABRIK
K04327,Bad Laasphe,A-01,57334,SCHAUMANN GMBH
K04328,Dauchingen,B-01,78083,JOHS. FÖRDERER SÖHNE
K04329,Bretzfeld,B-01,74626,PRÄZISIONSTEILE FRANZ SCHULZ
K04330,Eppishausen,B-01,87745,TRICOR
K04331,Bollate,B-01,IT 20021,SOLVAY SPECIALTY POLYMERS
K04332,Berlin,A-01,13405,RIECK SEA AIR CARGO
K04333,Ottersweier,B-01,77833,FRANZ SCHMIDT GMBH & CO. KG
K04337,Berlin,B-01,10178,GASAG
K04338,Berlin,B-01,12307,MATHIAS WIEK SCHORNSTEINFEGER
K04339,Zirndorf-Weinzierlein,A-01,90513,RAINER MATTAUSCH GMBH
K04341,Eschborn,B-01,65760,H. COSTENOBLE GMBH & CO. KG
K04345,Aspach,A-01,71546,JUST PACK
K04346,Seevetal,A-01,21218,DICHTELEMENTE ARCUS GMBH
K04347,Berlin,A-01,13509,BBO DATENTECHNIK GMBH
K04349,"Austin, Texas",A-01,US-78734,"360 TECHNOLOGIERS, INC."
K04354,Stuttgart,B-01,70567,IPT INTERNATIONAL PLATING
K04358,Leverkusen,B-01,51368,MOMENTIVE PERFORMANCE
K04360,Stahnsdorf,A-01,14532,FRANK PITROWSKI
K04361,Muttens,B-01,CH-4132,EUROSPED AG
K04363,Großbeeren,B-01,14979,LAGERTECHNIK BERLIN
K04366,Burgwedel,A-01,30938,ROSSMANN ONLINE GMBH
K04370,Wilhelmsdorf,A-01,91489,GUBESCH HBW
K04372,Hamburg,B-01,22769,JUNGHEINRICH PROFISHOP KATALOG
K04374,Berlin,A-01,12489,DR. KIEBURG GMBH
K04381,Mainhausen,A-01,63533,HAMEG INSTRUMENTS GMBH
K04388,Wiehe,A-01,06571,SUMITOMO (SHI)
K04389,Schnaittenbach,A-01,92253,KERB-KONUS-GESELLSCHAFT
K04390,Berlin,A-01,10243,GUD - GRÜNER U. DEUTSCHER GMBH
K04395,Sehmatal - Cranzahl,A-01,09465,MKT METALL- UND KUNSTSTOFF-
K04397,Hamburg,A-01,20412,KRAHN CHEMIE GMBH
K04398,Mettmann,B-01,40822,EKUGELLAGER.DE GMBH
K04399,Harsum,A-01,31177,PRÄZISIONS MESSTECHIK NORD
K04401,Brieselang,A-01,14656,MARIO ABENDROTH
K04403,Berlin,A-01,12165,METROFUNK KABEL-UNION GMBH
K04404,Weinböhla,A-01,01689,SCHUMANN & CO. GMBH
K04406,Wanfried,A-01,37281,H.O PERSIEHL
K04407,Iserlohn,A-01,58640,MENZEMEDIA DRUCKERPATRONEN.DE
K04408,Berlin,A-01,12277,ELEKTROBAU SÜD GMBH BERLIN
K04409,Heidelberg,A-01,69123,NEOLAB MIGGE
K04410,Köln,A-01,50672,ABCFINANCE GMBH F. K.KAUFFMANN
K04413,Berlin,B-01,12355,KUHLE INDUSTRIE-GALVANIK GMBH
K04414,Ismaning,A-01,85737,FIPA GMBH
K04415,Brüggen,A-01,41379,METTEN GMBH
K04416,Darmstadt,A-01,64291,OPHIR SPIRICON EUROPE GMBH
K04419,Laatzen,B-01,30880,BOSCH REXROTH PNEUMATICS GMB
K04420,Berlin,A-01,13591,WISCH ENGINEERING GMBH
K04423,Keltern,A-01,75210,AUGENSTEIN GMBH
K04426,Albernau,A-01,08280,AUERHAMMER METALLWERK GMBH
K04428,Karlsruhe,A-01,76225,ROBERT BOSCH GMBH
K04429,Lüdenscheid,A-01,58511,FISCHER ELEKTRONIK GMBH
K04432,Konstanz,B-01,78467,INGUN PRÜFMITTELBAU GMBH
K04433,Wriezen,A-01,16269,ALBA SÜDOST-BRANDENBURG GMBH
K04434,Krefeld,B-01,47829,DEBURIT CHEMICAL
K04438,Waren/Müritz,B-01,17192,SMURFIT KAPPA WELLPAPPENWERK
K04439,Ettenheim,A-01,77955,ATP MESSTECHNIK GMBH
K04440,München,A-01,80935,PCB EXPRESS GMBH
K04441,Marne,A-01,25709,STEINHAUS GMBH & CO. KG
K04442,Reichshof,A-01,51580,MICRO ELECTRONIC GMBH
K04444,Schwabach,A-01,91126,SCHWARZ GMBH
K04445,Gedern,B-01,63688,MKS GMBH METALL- U. KUNSTSTOFF
K04446,Villingen-Schwenningen,A-01,78054,KÄFER MESSUHREN GMBH & CO. KG
K04447,Hamburg,A-01,22525,WERNER WIRTH GMBH
K04449,Schorndorf,A-01,73614,ALPHACAM GMBH
K04450,Berlin,A-01,10965,TAUBE ELECTRONIC GMBH
K04451,München,A-01,80687,MOUSER ELECTRONICS
K04452,"St. Neots, Cambridgeshire",A-01,GB-PE19 8EW,ROCHESTER ELECTRONICS
K04455,Weissach,A-01,71287,ABE - DRUCKÜBERTRÄGER
K04456,Wendeburg,A-01,38176,FLORAPRIMA GMBH
K04457,Bad Laasphe,B-01,57334,PFEIFER VERBINDUNGSELEMENTE
K04459,Leonberg / Höfingen,A-01,71229,PADTOOLS GMBH
K04460,Laatzen,A-01,30880,AVENTICS GMBH
K04461,Bielefeld,A-01,33739,BOGE DRUCKLUFTSYSTEME
K04462,Syke,A-01,28857,BALKHAUSEN
K04463,Kirchlengern,B-01,32278,GRÄSSLIN NORD GMBH
K04464,Renchen-Erlach,A-01,77871,KRAEWA GMBH
K04465,Hamburg,A-01,20253,TESA SE
K04466,Pinneberg,A-01,25404,C. OTTO GEHRCKENS GMBH & CO.KG
K04467,Bad Pyrmont,A-01,31812,PHOENIX CONTACT
K04468,Co. Kildare,A-01,IE-LEIXLIP,HEWLETT-PACKARD
K04469,Leinfelden-Echterdingen,A-01,70771,STOCKER FLOWEXPERT
K04470,Teltow,A-01,14513,BAUGESCHÄFT FELIX LAMM
K04471,Wilhelmshaven,A-01,26388,MINDFACTORY AG
K04472,Hamburg,B-01,20459,"NORDMANN, RASSMANN GMBH"
K04473,Langen,B-01,63225,NMB-MINEBEA
K04474,Nagold,A-01,72202,HELAG
K04475,Taufkirchen,B-01,82024,BOURNS SENSORS
K04476,Sevelen,A-01,CH-9475,DME DRUCKMESSELEMENTE AG
K04477,Habsheim,B-01,FR-68440,EFFBE FRANCE
K04478,Furtwangen,A-01,78120,E. WEHRLE
K04479,Marktschellenberg,A-01,83487,PSM PROTECH
K04480,Mettmann,A-01,40822,WILHELM BECKER
K04481,Dippoldiswalde - Reinholdshain,A-01,01744,SELECTRONA
K04482,Talheim,B-01,74388,KNIPPING GESSMANN
K04483,Stuttgart,B-01,70599,STOHRER IPT AG
K04485,Kleinmachnow,A-01,14532,"MUMOT, PATRICK MALERMEISTER"
K04486,Hamburg,A-01,20095,BIESTERFELD SPEZIALCHEMIE GMBH
K04487,Lennestadt,A-01,57368,BRILL + ADLOFF
K04488,Reichartshausen,B-01,74934,FORMTECHNIK DR. HASEL GMBH
K04489,Schramberg,A-01,78713,CARL HAAS GMBH
K04490,Berlin,B-01,10553,TH. GEYER GMBH & CO. KG
K04491,Selb,A-01,95100,FRAAS  H. & M.
K04492,Bovec,B-01,SI-5230,MAHLE LETRIKA BOVEC D.O.O.
K04493,Neu-Ulm,A-01,89231,FILAMENTWORLD
K04494,Unterschleißheim,A-01,85716,INTERSTATE HANDELS GMBH
K04495,Berlin,A-01,13407,1X1 VERSATEL DEUTSCHLAND GMBH
K04496,Bornheim,A-01,76879,HORNBACH-BAUMARKT-AG
K04497,Berlin,A-01,13629,"SIEMENS, RC-DE BRANDMELDER BLN"
K04498,Berlin,A-01,10004,VDA VERBAND D. AUTOMOBILINDUST
K04499,Birkenwerder,B-01,16547,KÖRBER & KÖRBER GMBH
K04500,Berlin,B-01,12207,MOCK KÄLTEANLAGENBAU GMBH
K04501,Bochum,B-01,44805,KUGELLAGER-ONLINE GMBH & CO.KG
K04503,Stahnsdorf,A-01,14532,HEIN+PARTNER A & B
K04505,Ahrensbök,B-01,23623,GLOBUS GUMMIWERKE GMBH
K04506,Berlin,A-01,10787,CREFO-FACTORING F. AROMA DEL C
K04507,München,A-01,80333,DEMA ELECTRONIC AG
K04508,Nürnberg,A-01,90409,"RE-IN RETAIL INTERNAT. GMBH, VOELKNER"
K04510,Berlin,A-01,10365,AUCOTEAM GMBH
K04511,Berlin,A-01,13127,TIME TOOL RAPID PROTOTYPING
K04512,Maintal,A-01,63477,GRASSHOFF GMBH
K04514,Großenhain,A-01,01558,TOBIAS PROMETALL GMBH & CO
K04517,Braunschweig,A-01,38126,IAB REINRAUM-PRODUKTE GMBH
K04518,Birkenfeld,B-01,75217,INOVAN GMBH & CO. KG
K04519,Telgte,A-01,48291,HYGI.DE GMBH & CO. KG
K04520,Tolmin,B-01,SI-5220,SKRIN D.O.O.
K04521,Forst,A-01,03149,KNICKMEIER
K04523,PK Nieuw-Vennep,A-01,NL-2153,INEPRO METERING BV
K04524,Teltow,B-01,14513,PANZNER TROCKENBAU
K04526,Berlin,B-01,10969,HERRMANN
K04527,Berlin,A-01,12489,GESAA SERVICE GMBH
K04528,Düsseldorf,A-01,40219,STEPSTONE DEUTSCHLAND GMBH
K04529,Heuchelheim,A-01,35452,RADIOSTORE HANDELS GMBH
K04532,Waldkirch,A-01,79176,HUGRO-ARMATUREN GMBH & CO. KG
K04533,Bellignat,B-01,FR- 01100,ADDUXI
K04534,GENAS CEDEX,B-01,FR - 69745,SINTEX|CLAYENS
K04535,Saint Claude,B-01,FR- 39200,SESAME S.A.
K04536,Bonn,B-01,53170,SGL CARBON
K04537,Jihlava,B-01,CZ-58626,SWOBODA
K04538,Bad Soden-Salmünster,B-01,63628,WOCO
K04539,Berlin,A-01,12527,DOMMASCHK INGENIERBÜRO
K04540,Eisenberg,A-01,67304,WALTHER-WERKE
K04541,Wipperfürth,A-01,51688,MÜLLER PLASTIK GMBH
K04542,Seefeld,A-01,82229,TQ-SYSTEMS GMBH
K04544,Hardt,B-01,78739,BOHNERT
K04545,Radevormwald,B-01,42477,GKN SINTER
K04546,Tuningen,A-01,78609,ENGELKING ELEKTRONIK GMBH
K04547,Winterbach,B-01,73650,J.S.T. DEUTSCHLAND
K04548,Remchingen,B-01,75196,MEGA
K04549,Rhinow,A-01,14728,A. REXROTH MASCHINENBAU GMBH
K04550,Herne,B-01,44628,SILEX
K04551,Teltow,A-01,14513,FREUTEL CNC-TECHNIK
K04552,Köln,A-01,51063,SIEMENS INDUSTRY SOFTWARE GMBH
K04553,Breitstetten,A-01,AT-2285,GONANO DOSIERTECHNIK GMBH
K04554,Berlin,A-01,10117,MEETYOO CONFERENCING GMBH
K04555,Berlin,A-01,10888,AXEL SPRINGER SE
K04556,Potsdam,A-01,14473,MVD MÄRKISCHE VERLAGS- UND
K04557,Reutlingen,A-01,72770,DATATEC AG
K04558,Ratingen,A-01,40880,JENOPTIK  INDUSTRIAL
K04560,Karlsruhe,A-01,76185,DM-DROGERIE MARKT GMBH + CO.KG
K04562,Potsdam,B-01,14476,"KUNSTSTOFFVERARBEITUNG POTSDAM, KVP"
K04563,Berlin,A-01,12165,VENTZKE MEDIA
K04564,Düsseldorf,A-01,40212,"HSBC TRINKAUS&BURKHARDT, HÖRNL"
K04565,Kleinmachnow,A-01,14532,CREATIV
K04566,Potsdam,A-01,14480,WIRTSCHAFTSFORUM
K04567,Rot am See,A-01,74585,WÜRTH ELEKTRONIK GMBH & CO. KG
K04568,Köln,A-01,50668,REWE MARKT GMBH
K04569,Villingen-Schwenningen,A-01,78052,DE-PACK GMBH & CO. KG
K04570,Meinerzhagen,A-01,58540,WITTMANN BATTENFELD GMBH & CO.
K04571,Berlin,A-01,13127,LUFTKONTOR BERLIN GMBH
K04572,Ettlingen,B-01,76275,LEADEC / VOITH
K04573,Dornhan,A-01,72175,EAP GROßHANDELS GMBH
K04574,Wernau,A-01,73249,THOMAS KLEIN EUROTUBES
K04575,Falkensee,A-01,14612,POLESE INGENIEURBÜRO
K04576,Rheinau,A-01,77866,CNC TECHNIK RHEINAU GMBH
K04577,Grafing bei München,A-01,85567,THOPTEC GMBH
K04578,Neuss,A-01,41468,KOCH + SCHRÖDER GMBH
K04579,Neu-Isenburg,A-01,63263,ROUND SOLUTIONS
K04580,München,B-01,81379,A.R.T. ELEKTROMECH.VERTRIEBS-GMBH
K04581,Eschweiler,A-01,52249,RODRIGUEZ GMBH
K04582,Hagen,A-01,58119,WILHELM LÖBKE FEDERN GMBH
K04583,Falkensee,A-01,14612,CONVERTER SOLUTION SYSTEM-
K04585,Reutlingen,B-01,72764,KAIZHONG VOGT GMBH
K04586,Esslingen,A-01,73734,FESTO VERTRIEB GMBH & CO. KG
K04588,Peine,A-01,31226,G+M KUNSTSTOFFTECHNIK GMBH
K04589,Potsdam,A-01,14478,TARADOR GMBH
K04591,Mahlow,A-01,15831,HOPPE GMBH & CO. KG
K04594,Hamburg,A-01,22297,TCHIBO GMBH
K04595,Erlangen,B-01,91056,MANFRED UHLIG GMBH
K04596,Neuruppin,A-01,16816,TES FRONTDESIGN GMBH
K04597,Pforzheim,B-01,75181,BINDER TECSYS GMBH
K04598,Nussbach,B-01,AT-4542,STAT-X AUSTRIA GMBH
K04599,Wiggensbach,B-01,87487,SWOBODA WIGGENSBACH KG
K04600,Gosheim,B-01,78559,SCHULER PRÄZISIONSTECHNIK KG
K04601,Loveresse,B-01,CH-2732,BOILLAT DECOLLETAGE SA
K04602,Marignier,B-01,FR-74970,BOSSON DÉCOLLETAGE
K04603,Weilburg,B-01,35781,NKS-ZERSPANUNGSTECHNIK GMBH
K04604,Reutlingen,B-01,72762,ROBERT BOSCH GMBH
K04605,Osterode,B-01,37520,LETRON ELECTRONIC GMBH
K04607,Ebersbach,B-01,73061,BODYCOTE
K04608,Adelsheim,B-01,74740,JOSEF SCHIMMEL ADELSHEIM GMBH
K04610,Carei Jud. Satu Mare,B-01,RO-445100,TAYGAN METAL PRESS SRL
K04611,Simpang Ampat,B-01,MY  14100,KALTECH SDN. BHD.
K04612,Solingen,B-01,42655,J. C. KÖNIG STIFTUNG & CO KG
K04613,Bergkirchen,B-01,85232,LOUIS RENNER GMBH
K04614,Schonach,B-01,78133,BIW
K04615,Wellendingen,B-01,78669,GUK FALZMASCHINEN GRIESSER
K04616,Cham,B-01,93413,AIRCOMPONENTS GMBH
K04617,Fallingbostel,A-01,29683,DER FUCHS GMBH
K04618,Iserlohn,A-01,58640,LMB GMBH
K04619,Wimsheim,A-01,71299,PRECHTER +  RENNER GMBH
K04620,Zwingenberg,A-01,64673,SURTEC DEUTSCHLAND GMBH
K04624,Calbe/Saale,A-01,39240,CITO CHEMIE GMBH
K04627,Porící nad Sázavou,A-01,CZ-25721,"PRORATIO, S.R.O."
K04628,Köln,B-01,51103,SCHNEIDER-CLAUSS GMBH & CO. KG
K04629,CS Lochem,A-01,NL-7241,FILTRATION GROUP B.V.
K04630,Langenfeld,A-01,40764,FILTRATION GROUP B.V.
K04631,Berlin,A-01,12555,UNCHAINED LABS GERMANY RAP.ID
K04632,Berlin,A-01,13627,EVA SCHOPPMANN
K04633,Potsdam,A-01,14478,JENNY WERNER
K04635,Braunschweig,A-01,38122,ARROW CENTRAL EUROPE GMBH
K04637,Weil im Schönbuch,B-01,71093,STÄHLI LÄPP-TECHNIK GMBH
K04640,Berlin,A-01,12161,I-KEYS RFID-TECHNIK
K04642,Landsberg,A-01,86899,HENNING BÖHM GMBH
K04643,Madrid,A-01,ES-28405,AMAZON EU S.A R.L. ES
K04644,Mainz,A-01,55120,REISS LABORBEDARF
K04645,Arnsberg,A-01,59759,META-REGALBAU GMBH & CO. KG
K04646,Meschede,A-01,59872,PCE DEUTSCHLAND GMBH
K04648,Melle,A-01,49328,PROTECT ARBEITSSCHUTZ
K04649,Düsseldorf,A-01,40211,OVERSEAS COURIER SERVICE OCS
K04651,Ratekau,A-01,23626,PRÄZISA KUNSTKAUTSCHUKWAREN
K04652,Mannheim,A-01,68167,BAUHAUS E-BUSINESS & CO. KG
K04653,Birkenfeld,B-01,75217,ENVIROFALK GMBH
K04654,Germersheim,B-01,76725,DAIMLER AG
K04655,Pforzheim,B-01,75181,DODUCO SOLUTIONS GMBH
K04657,Weißbach,A-01,74679,PRÜFMITTEL24 GMBH
K04658,Hannover,A-01,30021,RICOH DEUTSCHLAND GMBH
K04659,Bamberg,A-01,96052,ROBERT BOSCH GMBH
K04660,Kronach,A-01,96317,HORST SCHOLZ GMBH & CO. KG
K04661,Renningen,A-01,71272,F. & W. SCHMIDT OHG
K04662,Stolberg,A-01,52224,INOVAN GMBH & CO. KG
K04663,Zweibrücken,A-01,66482,K.S.KUNSTSTOFF INNOVATION GMBH
K04664,Heidelberg,A-01,69126,SCRIBOS GMBH
K04665,Blizanów,A-01,62-814,DREWPAL SP. J.
K04666,Berlin,A-01,10829,EBEE SMART TECHNOLOGIES GMBH
K04667,Nürnberg,B-01,90491,JOSEF BARTHELME GMBH & CO. KG
K04669,Niefern-Öschelbronn,B-01,75223,HECKLER AG
K04670,Jena,B-01,07747,BÜROMARKT BÖTTCHER AG
K04671,Ettlingen,A-01,76275,PK ELEKTRONIK VERTRIEBS GMBH
K04673,München,A-01,81379,ALTMANN-ANALYTIK GMBH & CO. KG
K04674,Köln,A-01,51149,BUCHEM CHEMIE + TECHNIK
K04675,Sinsheim,A-01,74889,HAUG CHEMIE GMBH
K04677,Wuppertal,A-01,42115,KARL DEUTSCH PRÜF- UND MESS-
K04678,Berlin,A-01,13053,FSD LWERK BERLIN BRANDENBURG
K04679,Großbeeren,A-01,14979,ENGEL PALETTEN LOGISTIK GMBH
K04680,Bamberg,A-01,96050,NASTVOGELSCHRAUBENPROFI GMBH
K04681,Berlin,B-01,12107,FRITZ PENNECKE SÖHNE ABFALL
K04682,Zella-Mehlis OT Benshausen,B-01,98544,MENZ INDUSTRIEDIENST-
K04683,Berlin,A-01,10997,CH SERVICE FACILITYMANAGEMENT
K04684,Weil der Stadt,A-01,71263,WOLFTECHNIK  GMBH & CO KG
K04685,Stuttgart,A-01,70173,ALVG ANLAGENVERMIETUNG GMBH
K04686,Hallein,A-01,AT-5400,ROBERT BOSCH AG
K04688,Plattling,A-01,94447,ZITEC INDUSTRIETECHNIK GMBH
K04689,Homburg,A-01,66424,VARIO PACK GMBH & CO. KG
K04690,Bad Wörishofen,B-01,86825,TRANSCOR LOGISTICS GMBH & CO.
K04692,Mainz-Kastel,B-01,55252,BÜROSHOP24 GMBH
K04693,Twist,B-01,49767,SPS ELECTRONIC GMBH
K04694,Witzhave,B-01,22969,ALL4LABELS SMART + SECURE GMBH
K04695,Nettetal,B-01,41334,ESSENTRA COMPONENTS GMBH
K04696,Bernau,B-01,16321,WEBER AUTOMOTIVE GMBH
K04697,Reiskirchen,A-01,35447,WEISS UMWELTTECHNIK GMBH
K04699,Wernigerode,A-01,38855,MWG MANUFAKTUR GMBH
K04700,Dresden,A-01,01069,ACTIVJOB GMBH
K04702,Berlin,A-01,14167,HEP GETRÄNKESERVICE
K04705,Planegg,A-01,82152,CRTM CLEANROOMPRODUCTS GMBH
K04706,Kemmern,A-01,96164,IWS INDUSTRIEWARTUNGS-SYSTEME
K04707,Rednitzhembach,A-01,91126,KERLING KUNSTSTOFFTECHNIK GMBH
K04709,Aschersleben,A-01,06449,"PRÜßNER WERKZEUGE, MASCHINEN"
K04710,Wittmar,A-01,38329,DACH UND FACH STRUNZ
K04711,Walldorf,A-01,69190,MEKUPLAST GMBH & CO. KG
K04712,Mainz,A-01,55122,XYLEM ANALYTICS GERMANY SALES
K04713,Dreieich,A-01,63303,DORMAKABA DEUTSCHLAND GMBH
K04714,Teltow,A-01,14513,IG DESIGN
K04717,Lippstadt,A-01,59556,WFB LIPPSTADT GMBH
K04718,Berlin,A-01,13435,SSG SCHRAUBEN SCHOLZ GMBH
K04719,Syke,A-01,28857,BOYD CORPORATION GMBH
K04720,Kierspe,A-01,58566,HUGO SCHNIPPERING KMT GMBH
K04721,Herzogenburg,A-01,AT-3130,DORMAKABA AUSTRIA GMBH
K04722,Ebersbach,A-01,01561,DIAMANT- & KLEBETECHNIK
K04723,Berlin,A-01,10585,MG PERSONALDIENST-
K04724,Nürtingen,B-01,72622,PDT PRÄZISIONSDREHTEILE GMBH
K04725,Göppingen-Voralb,B-01,73037,AHC OBERFLÄCHENTECHNIK
K04726,Villingen-Schwenningen,B-01,78056,HELMUT HECHINGER GMBH & CO. KG
K04728,Hannover,A-01,30179,FORBO SIEGLING GMBH
K04729,Schönau a. K.,A-01,83471,QUITTENBAUM GMBH
K04730,XZ Grou,A-01,NL-9001,UNIS GROUP BV
K04731,Meerbusch,A-01,40670,AMETEK GMBH
K04732,Sindelfingen,A-01,71063,KISTLER INSTRUMENTE GMBH
K04733,Kressberg-Marktlustenau,B-01,74594,KE ELEKTRONIK GMBH
K04734,Leinfelden-Echterdingen,A-01,70771,LIST-MAGNETIK DIPL.-ING.
K04735,Ilsenburg,B-01,38871,TAMURA ELSOLD GMBH
K04738,Hann Münden,B-01,34346,EXCOR KORROSIONSSCHUTZ
K04742,Oelde,A-01,59302,HAVER & BOECKER OHG
K04744,Gau-Algesheim,A-01,55435,ALCUMET GMBH & CO. KG
K04745,Olfen,A-01,59399,HS HANDEL UND SERVICE GMBH
K04746,Lauf,A-01,91207,COORSTEK GMBH
K04747,Dortmund,A-01,44287,TRIDELTA MAGNETSYSTEME GMBH
K04748,Lauf,A-01,91207,EMUGE-WERK RICHARD GLIMPEL
K04750,Denkendorf,A-01,85095,KABELTRONIK
K04751,Donauwörth,A-01,86609,TELEMETER ELECTRONIC GMBH
K04752,Bönningheim,B-01,74357,AMANN & SÖHNE GMBH & CO. KG
K04753,Meerbusch,A-01,40670,AMTAG AG
K04756,Birkenfeld,A-01,75217,KARL ENGHOFER
K04760,Zürich,B-01,CH-8052,JOHNSON MATTHEY
K04764,Odelzhausen,A-01,85235,HEINRICH SCHAUB STAHL-
K04768,Werdohl,B-01,58791,VDM METALS
K04769,Starnberg,A-01,82319,HÄRTEREI WEBER UND WALLNER
K04771,Kempen,A-01,47906,JK TECHNISCHER HANDEL GMBH
K04772,Speyer,A-01,67346,INFILTEC GMBH
K04775,Berlin,A-01,12047,MAV PRUEFTECHNIK GMBH
K04776,Radevormwald,A-01,42477,SCHLEUNIGER GMBH
K04777,Groß-Umstadt,A-01,64823,Z-MIKE LASERMEßTECHNIK GMBH
K04778,Niederstetten,A-01,97996,EP EHRLER PRÜFTECHNIK
K04779,Rodgau,A-01,63110,SMARTTEC GMBH
K04780,Bad Hersfeld,A-01,36251,LEIST OBERFLÄCHENTECHNIK
K04781,Ludwigsfelde,A-01,14974,BOELS VERLEIH GMBH UNITVERLEIH
K04782,Berlin,B-01,12165,3B DIENSTLEISTUNG GMBH
K04783,Hilpoltstein,B-01,91161,EXPRESSKABEL GMBH
K04784,Hemer,B-01,58675,FRIEDRICH HECK GMBH & CO. KG
K04786,Blankenfelde-Mahlow,A-01,15831,PRIMO PROFILE GMBH
K04787,Berlin,B-01,10969,CONTORION GMBH
K04788,Gerlingen,B-01,70839,STEMPEL-FABRIK.DE GMBH
K04789,Hildesheim,B-01,31135,GPV GERMANY GMBH
K04790,Oberschleißheim,A-01,85764,SCHREINER GROUP GMBH & CO. KG
K04791,Horb-Bildechingen,A-01,72160,PROMOD PROTOTYPENZENTR. GMBH
K04792,Düsseldorf,B-01,40549,VOESTALPINE HIGH PERFORMANCE
K04793,Oberstenfeld,A-01,71720,PADS & MORE UG
K04794,Hofgeismar,B-01,34369,NETH MESSTECHNIK GMBH
K04795,Frankenberg,B-01,35066,GÜNTHER HEISSKANALTECHNIK GMBH
K04796,Bydgoszcz,A-01,PL-85-825,TE CONNECTIVITY SOLUTIONS GMBH
K04797,Selb,A-01,95100,RAUSCH & PAUSCH GMBH
K04798,Lüdenscheid,B-01,58513,HGH VERTRIEBS GMBH
K04800,Schkeuditz,A-01,04435,JURJANZ GMBH & CO. KG
K04801,Steinach,A-01,CH-9323,TE CONNECTIVITY SOLUTIONS GMBH
K04802,Marbach,B-01,71672,DR. WIELAND GMBH & CO. KG
K04803,Steinenbronn,A-01,71144,TELEGÄRTNER KUNSTSTOFFTECHNIK
K04804,Hausen,A-01,79688,KLEINWÄCHTER GMBH
K04805,Grafenberg,A-01,72661,RAMPF POLYMER SOLUTIONS
K04806,Petershagen,B-01,15370,A+S TECHNIGRO GMBH
K04807,Wädenswil,A-01,CH-8820,DÜRST AUTOMATION
K04809,Bad Urach,A-01,72574,RIEGLER & CO. KG
K04811,Boxberg-Unterschüpf,A-01,97944,KISTNER METROLOGIE SERVICE GMBH
K04815,Oelde-Stromberg,A-01,59302,NORSONIC-TIPPKEMPER GMBH
K04816,Winnenden,B-01,71364,ALBERT EGER GMBH & CO. KG
K04819,Hemmingen,A-01,71282,HELUKABEL GMBH
K04820,Sundern,A-01,59846,ON METALL GMBH
K04821,Marxen,B-01,21439,LOLAB
K04824,Stuttgart,B-01,70565,DEKRA AUTOMOBIL GMBH
K04833,Konradsreuth,A-01,95176,AMM LOGISTICS GMBH
K04835,Korntal-Münchingen,A-01,70825,ETL PRÜFTECHNIK GMBH
K04836,Schloß Holte-Stukenbrock,B-01,33758,KUGELLAGER-EXPRESS GMBH
K04838,Berlin,A-01,13507,RUBIX GMBH
K04839,Georgensgmünd,B-01,91166,HSM STAHL- UND METALLHANDEL
K04840,Lüneburg,A-01,21337,AALBERTS SURFACE TECHNOLOGIES GMBH
K04841,Remshalden,A-01,73630,DR. WIESNER STEUERUNGS-
K04842,Crailsheim,A-01,74564,ELABO GMBH
K04844,Cham,A-01,CH-6330,REPIR GMBH
K04845,Köln,A-01,50968,INFICON GMBH
K04846,Luckenwalde,A-01,14943,TSCHECH LABORAUSSTATTER E.K.
K04847,Alfdorf,A-01,73553,LORENZ MESSTECHNIK GMBH
K04848,Remshalden,A-01,73630,SCHMID ALUTEC GMBH & CO.KG
K04850,Steinbach,A-01,96361,PAUL RAUSCHERT STEINBACH GMBH
K04851,Tokyo,A-01,108-0074,TAICA CORPORATION
K04855,Berlin,A-01,10969,ARTUR SCHAMBACH GMBH
K04856,Leipzig,A-01,04178,1HEIZ PELLETS AG
K04857,Damme,A-01,49401,K+K HYGIENE PRODUKTE
K04858,Erfurt,A-01,99089,KALINSKY SENSOR ELEKTRONIK GMBH & CO. KG
K04859,Helmbrechts,A-01,95233,RUDI GÖBEL GMBH & CO. KG
K04860,Reichshof-Hespert,B-01,51580,EMIL MÜLLER GMBH METALLWERK
K04861,Weilerswist,A-01,53919,LANCONNECT GMBH
K04862,Bremen,A-01,28359,DISTRELEC DEUTSCHLAND GMBH
K04864,Breitenau,A-01,67661,FUCHS LUBRITECH GMBH
K04865,Berlin,B-01,12307,GEYER UMFORMTECHNIK GMBH
K04866,Görlitz,B-01,02826,BATTERYEMPIRE
K04868,Kleve,A-01,47533,CLEVER-AS-TECHNIK GMBH
K04871,Bremen,B-01,28279,HILLMANN & GEITZ GMBH & CO. KG
K04872,Ortenburg,A-01,94496,WEGERTSEDER
K04873,Selb,A-01,95100,RAPA AUTOMOTIVE GMBH & CO. KG
K04874,Remscheid,B-01,42855,ELEKTRO-TECHNIK-GROTE
K04875,Herrsching,B-01,82211,HHB
K04876,Berlin,B-01,10713,ALBIS DISTRIBUTION GMBH & CO. KG
K04877,Stuttgart,A-01,70173,NIC MEDIA GMBH ONLINESHOPS
K04878,Langerwehe,B-01,52379,KUNSTSTOFFE HERTRAMPF GMBH
K04879,Anzing,A-01,85646,SCHRAUBENHIMMEL.DE
K04880,Moers,B-01,47445,EUROPEAN STEEL BUSINESS
K04881,Hilden,B-01,40721,UNIS GROUP
K04885,Maulbronn,B-01,75433,RENNER  GMBH
K04886,Regensburg,A-01,93059,B2B PARTNER GMBH
K04892,Aadorf,A-01,CH-8355,SAXONIA-FRANKE GMBH & CO. KG
K04893,Wuppertal,B-01,42349,STAHLWILLE
K04894,Berlin,A-01,13127,LABOGAS GMBH
K04895,EVORA,A-01,7006-801,TE CONNECTIVITY SOLUTIONS GMBH
K04896,Mülheim-Kärlich,A-01,56218,MEBEDO GMBH
K04898,Mörfelden-Walldorf,A-01,64546,EU AUTOMATION GMBH
K04899,Wuppertal,A-01,42349,WERA WERKZEUGE GMBH
K04901,Bad Kreuznach,A-01,55545,DR. HEINRICH SCHNEIDER MESSTECHNIK GMBH
K04902,Bous,B-01,L-5408,ITASC S.A.
K04903,Waidhofen/Thaya,A-01,AT-3830,TYCO ELECTRONICS AUSTRIA GMBH
K04905,Solingen,A-01,42659,GEDORE WERKZEUGFABRIK GMBH & CO. KG
K04906,Adelsheim,B-01,74740,SCHIMMEL MANUFACTURING GMBH & CO. KG
K04907,Gerlingen,A-01,70839,STOTZ FEINMESSTECHNIK GMBH
K04911,Frankfurt am Main,A-01,60549,DELL GMBH
K04912,Oldenburg,A-01,26135,STEFAN KUPIETZ GMBH & COKG
K04914,Rheinbreitbach,A-01,53619,BLUHM SYSTEME GMBH
K04915,Reiskirchen-Ettingshausen,A-01,35447,FEDERNFABRIK SUBTIL GMBH
K04918,Pegnitz,A-01,91257,LUPEG GMBH
K04919,Nový Bydžov,A-01,504 01,DATWYLER SEALING TECHNOLOGIES CZ S.R.O.
